USE safewalk;

SET FOREIGN_KEY_CHECKS = 0;
TRUNCATE TABLE score_history;
TRUNCATE TABLE street_safety_scores;
TRUNCATE TABLE reports;
SET FOREIGN_KEY_CHECKS = 1;

DROP PROCEDURE IF EXISTS upgrade_table;
DELIMITER //
CREATE PROCEDURE upgrade_table()
BEGIN
  DECLARE CONTINUE HANDLER FOR SQLEXCEPTION BEGIN END;
  ALTER TABLE street_safety_scores ADD COLUMN geometry JSON;
END //
DELIMITER ;
CALL upgrade_table();

INSERT IGNORE INTO users (id, name, email, password, role, trust_score, is_verified)
VALUES
(1, 'Rahul Sharma', 'rahul@test.com', '$2b$10$92IXUNpkjO0rOQ5byMi.Ye4oKoEa3Ro9llC/.og/at2.uheWG/igi', 'user', 1.2, true),
(2, 'Priya Singh', 'priya@test.com', '$2b$10$92IXUNpkjO0rOQ5byMi.Ye4oKoEa3Ro9llC/.og/at2.uheWG/igi', 'user', 1.5, true),
(3, 'Amit Kumar', 'amit@test.com', '$2b$10$92IXUNpkjO0rOQ5byMi.Ye4oKoEa3Ro9llC/.og/at2.uheWG/igi', 'user', 0.9, false),
(4, 'Neha Gupta', 'neha@test.com', '$2b$10$92IXUNpkjO0rOQ5byMi.Ye4oKoEa3Ro9llC/.og/at2.uheWG/igi', 'user', 1.8, true),
(5, 'Vikram Yadav', 'vikram@test.com', '$2b$10$92IXUNpkjO0rOQ5byMi.Ye4oKoEa3Ro9llC/.og/at2.uheWG/igi', 'user', 0.7, false);

INSERT INTO street_safety_scores (street_id, street_name, lat, lng, score, score_day, score_night, active_report_count, trend, escalated, geometry, last_updated) VALUES
('28.646_77.236', 'Daryaganj Enclave', 28.64648, 77.23608, 52, 61, 36, 0, 'stable', 0, '[[28.646466, 77.236222], [28.647261, 77.236297], [28.64719, 77.237062]]', NOW()),
('28.658_77.297', 'Krishna Nagar Street', 28.65801, 77.29674, 54, 63, 38, 0, 'stable', 0, '[[28.65802, 77.296818], [28.658288, 77.296753], [28.658339, 77.297013], [28.658449, 77.297048], [28.658534, 77.297416], [28.658475, 77.297698], [28.658491, 77.297783], [28.65899, 77.297661]]', NOW()),
('28.538_77.218', 'Pushp Vihar Phase 13', 28.5377, 77.21774, 67, 72, 45, 0, 'worsening', 0, '[[28.537661, 77.217608], [28.538046, 77.217426], [28.538198, 77.217298], [28.538515, 77.216903], [28.53859, 77.216981], [28.538669, 77.21714], [28.53867, 77.217385], [28.538542, 77.217993], [28.538545, 77.218747]]', NOW()),
('28.682_77.137', 'Outer Ring Road', 28.68212, 77.13726, 79, 86, 63, 3, 'improving', 0, '[[28.682093, 77.137258], [28.682083, 77.137839], [28.683133, 77.137866], [28.683131, 77.138259]]', NOW()),
('28.644_77.227', 'Daryaganj Sector 10', 28.64448, 77.22666, 40, 48, 16, 2, 'stable', 0, '[[28.644378, 77.22659], [28.643859, 77.22762], [28.6439, 77.227748], [28.64387, 77.227879], [28.644065, 77.228042], [28.644217, 77.227791], [28.645394, 77.227965]]', NOW()),
('28.638_77.256', 'Geeta Colony Lane', 28.63835, 77.25564, 55, 63, 39, 2, 'worsening', 0, '[[28.638425, 77.25499], [28.63859, 77.253597], [28.640147, 77.253892], [28.639503, 77.255609], [28.63953, 77.255977], [28.63977, 77.256501]]', NOW()),
('28.564_77.229', 'Defence Colony Enclave', 28.56438, 77.22932, 94, 99, 79, 2, 'worsening', 0, '[[28.564582, 77.228879], [28.56398, 77.228527], [28.563683, 77.229256], [28.563558, 77.230197], [28.564819, 77.230341], [28.565359, 77.230464]]', NOW()),
('28.648_77.226', 'Turkman Gate Enclave', 28.64757, 77.22581, 33, 42, 13, 6, 'stable', 0, '[[28.647578, 77.22579], [28.647674, 77.225824], [28.647817, 77.225454], [28.648175, 77.225669], [28.64792, 77.226256], [28.647813, 77.226298], [28.647763, 77.226411], [28.648553, 77.226854]]', NOW()),
('28.643_77.069', 'Vikaspuri Marg', 28.64262, 77.06904, 71, 76, 49, 3, 'worsening', 0, '[[28.642556, 77.069008], [28.642309, 77.068708], [28.642852, 77.068105], [28.642743, 77.067982], [28.643701, 77.066945], [28.645502, 77.069018], [28.644292, 77.070337], [28.643786, 77.069803], [28.643659, 77.069968]]', NOW()),
('28.662_77.201', 'Bahadurgarh Road Sector 2', 28.66151, 77.20061, 35, 45, 17, 7, 'stable', 0, '[[28.660812, 77.200129], [28.660922, 77.199922], [28.661112, 77.199737], [28.661293, 77.199641], [28.661632, 77.199543], [28.661801, 77.199411], [28.662018, 77.19904], [28.662301, 77.19827], [28.66259, 77.198279], [28.66263, 77.198379], [28.662704, 77.199108], [28.662743, 77.200253], [28.662659, 77.202447], [28.662568, 77.202446], [28.662597, 77.201612]]', NOW()),
('28.659_77.312', 'Karkarduma Sector 11', 28.65908, 77.31244, 70, 79, 49, 3, 'stable', 0, '[[28.659062, 77.312905], [28.659318, 77.31293], [28.659267, 77.314126], [28.659658, 77.314087], [28.659667, 77.313921], [28.660156, 77.313944], [28.660177, 77.313449]]', NOW()),
('28.697_77.285', 'Gokulpuri Sector 15', 28.69742, 77.28519, 27, 35, 8, 8, 'worsening', 1, '[[28.697286, 77.285116], [28.697187, 77.285382], [28.697217, 77.285577], [28.697304, 77.285679], [28.697877, 77.286085], [28.698367, 77.286325]]', NOW()),
('28.689_77.062', 'Nangloi Street', 28.68901, 77.06192, 32, 42, 14, 7, 'stable', 0, '[[28.689074, 77.061939], [28.689138, 77.061723], [28.689894, 77.061458], [28.690338, 77.062394], [28.690449, 77.062726], [28.690491, 77.0635], [28.690475, 77.063931], [28.690196, 77.063943], [28.690182, 77.062912]]', NOW()),
('28.748_77.261', 'Karawal Nagar Phase 2', 28.74806, 77.26094, 34, 40, 9, 6, 'improving', 0, '[[28.748027, 77.260915], [28.747878, 77.261264], [28.747796, 77.261265], [28.747711, 77.261518], [28.746688, 77.261296], [28.746478, 77.261102], [28.746422, 77.261115], [28.746263, 77.26131], [28.745899, 77.260918], [28.745682, 77.260837], [28.745602, 77.260468], [28.745436, 77.2601], [28.745375, 77.259786], [28.745028, 77.259495], [28.745907, 77.257373], [28.746762, 77.257755], [28.747244, 77.258106], [28.747726, 77.258392], [28.748758, 77.258714], [28.749363, 77.258771], [28.750023, 77.258774], [28.74988, 77.260788], [28.749885, 77.261957]]', NOW()),
('28.575_77.167', 'RK Puram Road', 28.5748, 77.16714, 73, 80, 49, 1, 'stable', 0, '[[28.574756, 77.167161], [28.574726, 77.167095], [28.575237, 77.166788], [28.575845, 77.168108]]', NOW()),
('28.644_77.17', 'Inderpuri Phase 6', 28.64397, 77.16964, 69, 75, 53, 3, 'stable', 0, '[[28.643879, 77.16957], [28.6451, 77.167555], [28.645833, 77.168103], [28.644611, 77.170147], [28.644961, 77.170401], [28.644847, 77.170588], [28.644955, 77.170661]]', NOW()),
('28.66_77.183', 'Bahadurgarh Road Block 13', 28.66035, 77.18269, 46, 56, 23, 3, 'improving', 0, '[[28.660354, 77.182692], [28.660144, 77.183373], [28.66129, 77.183879]]', NOW()),
('28.655_77.192', 'Bahadurgarh Road Phase 7', 28.65477, 77.19233, 36, 42, 18, 4, 'improving', 0, '[[28.654932, 77.192031], [28.653718, 77.191164], [28.652281, 77.193807], [28.653867, 77.194918], [28.655148, 77.192486], [28.655924, 77.193053]]', NOW()),
('28.518_77.23', 'Sheikh Sarai Lane', 28.51767, 77.23026, 62, 72, 44, 1, 'worsening', 0, '[[28.517663, 77.230276], [28.518257, 77.23042], [28.518142, 77.231054], [28.518678, 77.231206]]', NOW()),
('28.617_77.307', 'Mandawali Lane', 28.61739, 77.3074, 37, 43, 20, 8, 'improving', 0, '[[28.617203, 77.307472], [28.617399, 77.308164], [28.617888, 77.307974]]', NOW()),
('28.759_77.181', 'Burari Block 3', 28.75907, 77.18083, 25, 34, 9, 6, 'stable', 1, '[[28.759064, 77.180454], [28.75776, 77.180454], [28.75799, 77.18184], [28.760065, 77.181878]]', NOW()),
('28.703_77.21', 'Timarpur Phase 10', 28.70327, 77.20959, 57, 66, 36, 1, 'stable', 0, '[[28.703254, 77.209631], [28.704077, 77.210025], [28.704184, 77.209765], [28.704578, 77.209949], [28.704343, 77.210623]]', NOW()),
('28.646_77.177', 'Karol Bagh Street', 28.64562, 77.17733, 74, 82, 55, 1, 'stable', 0, '[[28.645577, 77.177321], [28.645481, 77.178547], [28.64568, 77.178855], [28.645401, 77.178862], [28.645487, 77.177068], [28.645839, 77.177067], [28.64598, 77.177029], [28.646081, 77.176929], [28.648078, 77.178421], [28.648125, 77.178531], [28.648155, 77.178985], [28.648158, 77.179616], [28.648116, 77.179948], [28.648022, 77.180066], [28.647405, 77.179639], [28.647333, 77.179497], [28.647237, 77.179076], [28.647179, 77.178997], [28.64658, 77.178928]]', NOW()),
('28.645_77.317', 'IP Extension Market', 28.6453, 77.31719, 72, 80, 50, 1, 'improving', 0, '[[28.645325, 77.317097], [28.649045, 77.318421], [28.649755, 77.318494], [28.651518, 77.319118], [28.652582, 77.319217], [28.652716, 77.319368], [28.652664, 77.319808], [28.652489, 77.319916], [28.651801, 77.319808], [28.646405, 77.31782]]', NOW()),
('28.503_77.151', 'Mehrauli Gurgaon Road Sector 13', 28.50303, 77.15093, 75, 82, 50, 1, 'stable', 0, '[[28.503277, 77.14974], [28.501912, 77.14913], [28.50177, 77.148952], [28.500791, 77.148561], [28.50078, 77.148457], [28.500923, 77.14792], [28.500407, 77.147808], [28.500024, 77.148572], [28.499971, 77.148592], [28.499971, 77.149014], [28.500797, 77.151296], [28.500954, 77.152413], [28.501024, 77.152653], [28.501516, 77.153281], [28.503878, 77.155638], [28.505508, 77.155637], [28.505571, 77.154468], [28.50529, 77.153792], [28.505307, 77.153367]]', NOW()),
('28.655_77.234', 'Nai Sarak Phase 6', 28.65543, 77.23386, 36, 42, 13, 5, 'improving', 0, '[[28.6554, 77.233943], [28.655322, 77.233906], [28.655385, 77.233493], [28.656203, 77.233554], [28.656139, 77.234842]]', NOW()),
('28.623_77.309', 'Patparganj Sector 12', 28.62332, 77.30947, 58, 65, 34, 0, 'stable', 0, '[[28.623304, 77.309467], [28.623243, 77.309703], [28.623774, 77.309876], [28.623837, 77.309734], [28.624348, 77.309077], [28.624748, 77.308817], [28.624816, 77.308841], [28.625696, 77.311579], [28.626125, 77.31306], [28.626209, 77.313135], [28.626299, 77.313347], [28.62729, 77.316458], [28.626773, 77.316827], [28.626071, 77.314722], [28.625797, 77.313647], [28.625427, 77.312569], [28.625181, 77.312059], [28.624601, 77.310348]]', NOW()),
('28.582_77.155', 'Shantipath Market', 28.58184, 77.15535, 92, 99, 71, 0, 'improving', 0, '[[28.582317, 77.155708], [28.581991, 77.156368], [28.582572, 77.156282], [28.582796, 77.156201]]', NOW()),
('28.622_77.291', 'Mandawali Phase 13', 28.62171, 77.29075, 50, 59, 25, 3, 'improving', 0, '[[28.621599, 77.290587], [28.621503, 77.290638], [28.621392, 77.290352], [28.622297, 77.28977], [28.622422, 77.29001], [28.622582, 77.28993], [28.622644, 77.290205], [28.622525, 77.290515], [28.622364, 77.291627], [28.6225, 77.29164]]', NOW()),
('28.567_77.218', 'South Extension Avenue', 28.56696, 77.21804, 86, 96, 65, 3, 'improving', 0, '[[28.566896, 77.2182], [28.567583, 77.218589], [28.567556, 77.219022], [28.567964, 77.219023]]', NOW()),
('28.68_77.213', 'Civil Lines Extension', 28.67986, 77.21335, 81, 87, 56, 2, 'improving', 0, '[[28.680135, 77.213246], [28.67992, 77.21257], [28.680004, 77.212456], [28.680196, 77.212402], [28.681504, 77.212377], [28.681932, 77.21251], [28.684092, 77.213648], [28.683975, 77.213792], [28.68366, 77.213944], [28.68249, 77.214342], [28.681679, 77.214725], [28.680804, 77.215047], [28.680636, 77.215082], [28.680438, 77.214506]]', NOW()),
('28.697_77.075', 'Mongolpuri Enclave', 28.69709, 77.07502, 37, 46, 20, 6, 'stable', 0, '[[28.697241, 77.075075], [28.697296, 77.074897], [28.698302, 77.075294], [28.698091, 77.076015]]', NOW()),
('28.655_77.224', 'Chitli Qabar Lane', 28.65463, 77.2244, 38, 46, 17, 7, 'stable', 0, '[[28.654738, 77.224296], [28.654833, 77.224434], [28.654818, 77.224532], [28.654853, 77.224611], [28.654776, 77.225285], [28.654979, 77.225597], [28.655111, 77.225488], [28.655629, 77.225417]]', NOW()),
('28.708_77.165', 'Ashok Vihar Marg', 28.70796, 77.16471, 79, 88, 57, 0, 'worsening', 0, '[[28.708002, 77.164678], [28.708452, 77.165503]]', NOW()),
('28.601_77.2', 'Aurangzeb Road', 28.60091, 77.20016, 90, 98, 71, 0, 'worsening', 0, '[[28.60058, 77.200348], [28.600688, 77.200544], [28.600835, 77.20067], [28.601762, 77.201342], [28.601875, 77.20114]]', NOW()),
('28.66_77.157', 'Shadipur Block 13', 28.66044, 77.15692, 50, 58, 34, 3, 'stable', 0, '[[28.661085, 77.156648], [28.661568, 77.157195], [28.661829, 77.157585]]', NOW()),
('28.627_77.052', 'Uttam Nagar Phase 14', 28.62716, 77.05186, 42, 48, 27, 2, 'worsening', 0, '[[28.62726, 77.051832], [28.62729, 77.051886], [28.627483, 77.051914], [28.627471, 77.052862], [28.628157, 77.052856]]', NOW()),
('28.626_77.154', 'Inderpuri Sector 12', 28.62565, 77.15433, 62, 68, 37, 0, 'worsening', 0, '[[28.625613, 77.154273], [28.624878, 77.154963], [28.624819, 77.154885], [28.629308, 77.150646], [28.629351, 77.150724], [28.626573, 77.153347], [28.626971, 77.154095], [28.626322, 77.154583]]', NOW()),
('28.678_77.268', 'Seelampur Block 3', 28.67765, 77.26811, 21, 28, 2, 4, 'worsening', 1, '[[28.677685, 77.267966], [28.678073, 77.268112], [28.677972, 77.268442], [28.678311, 77.268584], [28.678197, 77.268983], [28.678623, 77.269176]]', NOW()),
('28.726_77.096', 'Rohini Sector Street', 28.7256, 77.09563, 61, 71, 40, 1, 'improving', 0, '[[28.725459, 77.095828], [28.725894, 77.096243], [28.726087, 77.095945], [28.726695, 77.096484]]', NOW()),
('28.689_77.19', 'Model Town Marg', 28.68934, 77.18967, 68, 77, 47, 1, 'stable', 0, '[[28.68934, 77.189657], [28.690415, 77.190262], [28.690371, 77.190519], [28.690394, 77.190653]]', NOW()),
('28.54_77.186', 'Hauz Khas Extension', 28.54008, 77.18613, 82, 92, 64, 2, 'improving', 0, '[[28.540144, 77.186149], [28.540392, 77.185261], [28.540487, 77.185302], [28.540214, 77.186288], [28.541054, 77.186524], [28.541108, 77.186582], [28.541104, 77.186725], [28.541051, 77.186764], [28.540974, 77.187098]]', NOW()),
('28.532_77.222', 'Chirag Delhi Phase 3', 28.53159, 77.22202, 53, 62, 29, 3, 'improving', 0, '[[28.531043, 77.222195], [28.53175, 77.225162], [28.531645, 77.225181], [28.530585, 77.220643], [28.530704, 77.220604], [28.530908, 77.22069], [28.531383, 77.220635], [28.531671, 77.220661], [28.532076, 77.220548], [28.532386, 77.220671], [28.532785, 77.219048], [28.533027, 77.219005], [28.532976, 77.21994], [28.533126, 77.220629], [28.533256, 77.221683], [28.532556, 77.221972]]', NOW()),
('28.62_77.208', 'Parliament Street Sector 5', 28.61997, 77.20803, 92, 100, 70, 2, 'improving', 0, '[[28.620584, 77.207528], [28.620998, 77.207371], [28.620674, 77.206609], [28.620522, 77.206652], [28.620368, 77.20662], [28.620237, 77.206515], [28.620156, 77.20635], [28.620152, 77.206132], [28.620223, 77.205968], [28.620349, 77.205854], [28.620496, 77.205812], [28.620704, 77.205873], [28.620846, 77.206056], [28.620877, 77.206295], [28.620812, 77.206475], [28.620716, 77.20658], [28.621749, 77.209057], [28.621669, 77.209209], [28.620857, 77.209709], [28.620516, 77.210307], [28.620491, 77.210633], [28.620229, 77.210436], [28.620421, 77.210265], [28.620808, 77.209651], [28.620957, 77.209526], [28.620856, 77.209268], [28.621033, 77.209157]]', NOW()),
('28.652_77.212', 'Paharganj Sector 3', 28.65159, 77.21224, 29, 34, 14, 5, 'worsening', 1, '[[28.651708, 77.212306], [28.651675, 77.212406], [28.651735, 77.2125], [28.652108, 77.212657], [28.652624, 77.212973], [28.652526, 77.213209]]', NOW()),
('28.628_77.23', 'Janpath Market', 28.62799, 77.22951, 70, 80, 45, 3, 'stable', 0, '[[28.627501, 77.229141], [28.627025, 77.2299], [28.628009, 77.2307], [28.629097, 77.231473], [28.629452, 77.230868]]', NOW()),
('28.638_77.307', 'Karkarduma Sector 14', 28.63754, 77.30664, 63, 70, 40, 2, 'stable', 0, '[[28.637641, 77.306676], [28.637753, 77.306262], [28.638382, 77.306485], [28.638177, 77.307253], [28.638603, 77.307396]]', NOW()),
('28.611_77.224', 'Rajpath Block 5', 28.6111, 77.22418, 86, 91, 63, 2, 'improving', 0, '[[28.611082, 77.224637], [28.61314, 77.224764], [28.613136, 77.224848], [28.611818, 77.224767], [28.611799, 77.225161]]', NOW()),
('28.645_77.238', 'Ballimaran Sector 14', 28.64461, 77.23751, 26, 35, 1, 7, 'worsening', 1, '[[28.644592, 77.237282], [28.644326, 77.236976], [28.643634, 77.237823], [28.644247, 77.23838], [28.644906, 77.238395], [28.645214, 77.238302], [28.645448, 77.238288], [28.645677, 77.238329]]', NOW()),
('28.647_77.148', 'Shadipur Phase 3', 28.64709, 77.14824, 48, 55, 25, 0, 'stable', 0, '[[28.646493, 77.149207], [28.648608, 77.15089], [28.64885, 77.151125], [28.64922, 77.15171], [28.650251, 77.150126], [28.648668, 77.148792]]', NOW());

INSERT INTO street_safety_scores (street_id, street_name, lat, lng, score, score_day, score_night, active_report_count, trend, escalated, geometry, last_updated) VALUES
('28.672_77.203', 'Roop Nagar Enclave', 28.67204, 77.20345, 51, 60, 30, 0, 'improving', 0, '[[28.672119, 77.203525], [28.672653, 77.202716], [28.67308, 77.202918], [28.673185, 77.20301], [28.67359, 77.203555], [28.673687, 77.204375], [28.673313, 77.204619], [28.673144, 77.204284], [28.672993, 77.204331]]', NOW()),
('28.656_77.216', 'Nai Sarak Enclave', 28.65573, 77.21591, 40, 47, 18, 0, 'worsening', 0, '[[28.655735, 77.215924], [28.657028, 77.215881], [28.657709, 77.215807], [28.657705, 77.215867], [28.656697, 77.215931]]', NOW()),
('28.562_77.191', 'Safdarjung Enclave Phase 1', 28.56232, 77.19148, 81, 89, 57, 3, 'stable', 0, '[[28.562278, 77.19159], [28.562581, 77.191718], [28.562938, 77.191757], [28.562936, 77.192255], [28.563331, 77.192303]]', NOW()),
('28.659_77.178', 'Patel Nagar Block', 28.65907, 77.17843, 64, 73, 47, 3, 'stable', 0, '[[28.659094, 77.178069], [28.660125, 77.178049], [28.660052, 77.179432]]', NOW()),
('28.608_77.226', 'Akbar Road Phase 15', 28.60837, 77.22597, 91, 99, 67, 0, 'improving', 0, '[[28.608345, 77.226042], [28.608826, 77.226218], [28.608977, 77.226311], [28.609413, 77.226924]]', NOW()),
('28.731_77.161', 'Bhalaswa Street', 28.73055, 77.16085, 27, 33, 12, 8, 'worsening', 1, '[[28.730602, 77.160811], [28.730637, 77.160875], [28.730273, 77.16113], [28.730502, 77.161569], [28.731076, 77.161142], [28.731499, 77.161885]]', NOW()),
('28.492_77.178', 'Chattarpur Phase 10', 28.49206, 77.17787, 63, 68, 47, 2, 'worsening', 0, '[[28.492064, 77.178096], [28.491834, 77.178106], [28.492138, 77.179674], [28.492343, 77.179659], [28.492395, 77.179586], [28.492433, 77.178407], [28.492926, 77.178381], [28.492911, 77.178861]]', NOW()),
('28.687_77.21', 'Kamla Nagar Block', 28.68675, 77.21006, 73, 78, 52, 0, 'stable', 0, '[[28.687046, 77.209435], [28.68723, 77.208937], [28.688576, 77.209585], [28.687976, 77.21117]]', NOW()),
('28.526_77.205', 'Saket Sector 5', 28.5262, 77.20543, 87, 92, 67, 3, 'worsening', 0, '[[28.526216, 77.205341], [28.526111, 77.205311], [28.526052, 77.205592], [28.52791, 77.206053], [28.52791, 77.206119], [28.527823, 77.206119], [28.527046, 77.205922], [28.526983, 77.206237], [28.527222, 77.206298]]', NOW()),
('28.684_77.032', 'Mundka Road', 28.68391, 77.03205, 36, 43, 19, 5, 'improving', 0, '[[28.683792, 77.032046], [28.683782, 77.032905], [28.684908, 77.032935]]', NOW()),
('28.633_77.222', 'Hauz Qazi Sector 10', 28.63267, 77.22167, 35, 44, 15, 3, 'worsening', 0, '[[28.632837, 77.221723], [28.63285, 77.222107], [28.633253, 77.222052], [28.633611, 77.221924], [28.633931, 77.221734], [28.634197, 77.221506], [28.63458, 77.221004], [28.635114, 77.221422], [28.635181, 77.221581], [28.634705, 77.222119], [28.634279, 77.222485], [28.633721, 77.2228]]', NOW()),
('28.659_77.151', 'Shadipur Sector 11', 28.65921, 77.15105, 53, 59, 35, 0, 'improving', 0, '[[28.659124, 77.150984], [28.659056, 77.151094], [28.659488, 77.151411], [28.65968, 77.151501], [28.659858, 77.151434], [28.659948, 77.151474], [28.660035, 77.151625], [28.66002, 77.151772], [28.659973, 77.151848], [28.660092, 77.152134]]', NOW()),
('28.615_77.277', 'Laxmi Nagar Phase 13', 28.61507, 77.2767, 45, 50, 23, 2, 'improving', 0, '[[28.615048, 77.27672], [28.616952, 77.280574], [28.617062, 77.280505], [28.616398, 77.279031], [28.61581, 77.277877]]', NOW()),
('28.63_77.06', 'Vikaspuri Street', 28.62974, 77.06031, 62, 71, 43, 0, 'improving', 0, '[[28.628713, 77.060026], [28.628233, 77.06003], [28.628201, 77.06215], [28.631499, 77.062209], [28.63108, 77.061115]]', NOW()),
('28.594_77.217', 'Aurangzeb Road Phase 9', 28.59383, 77.21721, 95, 100, 80, 0, 'stable', 0, '[[28.593744, 77.217319], [28.594779, 77.218294], [28.594839, 77.218217]]', NOW()),
('28.617_77.216', 'Connaught Place Extension', 28.61675, 77.21569, 78, 87, 63, 2, 'improving', 0, '[[28.616823, 77.215692], [28.616835, 77.215462], [28.617371, 77.215501], [28.617309, 77.216656]]', NOW()),
('28.633_77.283', 'Nirman Vihar Phase 2', 28.6329, 77.28263, 64, 72, 44, 2, 'stable', 0, '[[28.632915, 77.282645], [28.633, 77.282561], [28.633465, 77.282822], [28.632895, 77.283384], [28.633038, 77.283693], [28.633799, 77.283379], [28.633909, 77.283621]]', NOW()),
('28.695_77.236', 'Timarpur Block', 28.69489, 77.23596, 54, 59, 29, 3, 'worsening', 0, '[[28.694149, 77.23546], [28.694024, 77.235698]]', NOW()),
('28.626_77.075', 'Janakpuri Market', 28.62574, 77.07472, 77, 86, 55, 1, 'stable', 0, '[[28.62576, 77.074687], [28.625125, 77.074192], [28.625175, 77.074103], [28.626168, 77.074902], [28.625794, 77.07554], [28.626565, 77.07611], [28.626851, 77.075905]]', NOW()),
('28.66_77.232', 'Chandni Chowk Avenue', 28.66044, 77.23183, 39, 48, 15, 8, 'improving', 0, '[[28.660336, 77.23184], [28.660138, 77.23607], [28.661065, 77.235762], [28.661245, 77.235658], [28.662036, 77.234427], [28.662404, 77.233751], [28.662399, 77.233513], [28.662098, 77.233508], [28.662061, 77.233478], [28.662078, 77.23291]]', NOW()),
('28.64_77.22', 'Ballimaran Sector 12', 28.64009, 77.21991, 37, 44, 21, 8, 'worsening', 0, '[[28.640049, 77.219617], [28.638139, 77.219995], [28.635719, 77.219883], [28.635276, 77.221439], [28.637832, 77.223311], [28.640291, 77.223444], [28.641213, 77.22274], [28.641232, 77.222454], [28.641308, 77.222378], [28.641265, 77.222156], [28.640792, 77.222022]]', NOW()),
('28.558_77.152', 'Vasant Vihar Block 14', 28.55799, 77.15174, 88, 96, 67, 2, 'improving', 0, '[[28.558574, 77.151966], [28.558551, 77.152177], [28.558604, 77.15247], [28.558712, 77.152722], [28.558845, 77.152887]]', NOW()),
('28.69_77.018', 'Mundka Phase 1', 28.68957, 77.01846, 34, 41, 16, 7, 'improving', 0, '[[28.689276, 77.018449], [28.689314, 77.017499], [28.68818, 77.017475], [28.688138, 77.019361], [28.686011, 77.018165], [28.685173, 77.017321], [28.684632, 77.017371], [28.686002, 77.018315], [28.690293, 77.020764], [28.6912, 77.021126], [28.692021, 77.02122], [28.692955, 77.021079], [28.693522, 77.020796], [28.698212, 77.017529], [28.698683, 77.017778], [28.693755, 77.0213], [28.692495, 77.021784], [28.691601, 77.021825], [28.69004, 77.021307], [28.690188, 77.020504], [28.690981, 77.020909], [28.69099, 77.019986], [28.690475, 77.019698]]', NOW()),
('28.62_77.226', 'Minto Road Block 3', 28.62027, 77.2258, 48, 57, 31, 1, 'improving', 0, '[[28.62051, 77.225659], [28.620746, 77.226185], [28.620797, 77.226206], [28.621044, 77.226078], [28.621151, 77.226321], [28.622082, 77.22579], [28.622113, 77.22586], [28.621375, 77.226261], [28.621545, 77.226639]]', NOW()),
('28.663_77.206', 'Bahadurgarh Road', 28.66316, 77.20565, 40, 45, 15, 1, 'stable', 0, '[[28.663247, 77.205623], [28.66341, 77.206199], [28.664314, 77.20637], [28.664255, 77.206679]]', NOW()),
('28.644_77.053', 'Nilothi Lane', 28.64391, 77.05334, 35, 41, 15, 4, 'stable', 0, '[[28.643906, 77.053525], [28.644896, 77.053537], [28.644891, 77.054343]]', NOW()),
('28.676_77.264', 'Welcome Colony Block 4', 28.67604, 77.2638, 39, 44, 17, 7, 'improving', 0, '[[28.676047, 77.263919], [28.676732, 77.264072], [28.676748, 77.264143], [28.676702, 77.264333], [28.676984, 77.264419], [28.676904, 77.264766]]', NOW()),
('28.645_77.195', 'Karol Bagh Road', 28.64547, 77.19523, 65, 75, 44, 1, 'improving', 0, '[[28.645554, 77.195212], [28.645794, 77.196695], [28.646161, 77.196077], [28.646379, 77.196259], [28.646423, 77.196188]]', NOW()),
('28.639_77.294', 'Preet Vihar Block 12', 28.63937, 77.29381, 75, 84, 54, 3, 'stable', 0, '[[28.639356, 77.29383], [28.63933, 77.293795], [28.639465, 77.293639], [28.63949, 77.293528], [28.639724, 77.293303], [28.640549, 77.294408], [28.640535, 77.294518], [28.640354, 77.294694], [28.640413, 77.294778]]', NOW()),
('28.671_77.071', 'Nangloi Sector 9', 28.67148, 77.07064, 34, 44, 17, 6, 'stable', 0, '[[28.67148233961122, 77.07064415098435], [28.67178233961122, 77.07094415098435], [28.67208233961122, 77.07124415098436], [28.67248233961122, 77.07164415098435]]', NOW()),
('28.608_77.206', 'Aurangzeb Road', 28.60836, 77.20576, 90, 98, 66, 1, 'improving', 0, '[[28.608368, 77.205459], [28.608254, 77.205455], [28.607988, 77.20558], [28.607883, 77.205762], [28.607874, 77.20597], [28.608249, 77.206822], [28.608892, 77.208122], [28.609085, 77.208253], [28.609203, 77.208281], [28.609286, 77.20823], [28.609916, 77.20718]]', NOW()),
('28.698_77.213', 'Mukherjee Nagar Phase 3', 28.6982, 77.21252, 56, 63, 31, 2, 'improving', 0, '[[28.69712, 77.211969], [28.696834, 77.211826], [28.696769, 77.211976], [28.696662, 77.212005], [28.696173, 77.213327], [28.698803, 77.2146]]', NOW()),
('28.655_77.049', 'Nilothi Phase 14', 28.65463, 77.04897, 37, 42, 13, 3, 'stable', 0, '[[28.654634, 77.048966], [28.65353, 77.048162], [28.653492, 77.048091], [28.653457, 77.046621], [28.652887, 77.046637], [28.65289, 77.046857], [28.653294, 77.046892], [28.653328, 77.046927], [28.65334, 77.048295], [28.653814, 77.04866], [28.65567, 77.049895]]', NOW()),
('28.759_77.205', 'Burari Phase 9', 28.75856, 77.20525, 34, 39, 17, 4, 'worsening', 0, '[[28.758648, 77.205398], [28.758617, 77.205689], [28.759032, 77.205757], [28.758998, 77.205965], [28.759246, 77.206004], [28.759543, 77.206275]]', NOW()),
('28.639_77.106', 'Tilak Nagar Market', 28.63883, 77.10602, 70, 76, 54, 1, 'worsening', 0, '[[28.638831, 77.106003], [28.639113, 77.106002], [28.639119, 77.106289], [28.639217, 77.106288], [28.639225, 77.106541], [28.639767, 77.106544], [28.639776, 77.107024]]', NOW()),
('28.636_77.074', 'Vikaspuri Block 7', 28.6357, 77.07366, 63, 70, 48, 0, 'stable', 0, '[[28.635705, 77.073626], [28.636797, 77.073726], [28.636904, 77.071868], [28.638408, 77.071967], [28.638596, 77.072005], [28.638674, 77.072083], [28.638695, 77.07216], [28.638627, 77.073853], [28.638623, 77.077171], [28.63856, 77.077155], [28.638565, 77.076308], [28.637312, 77.076136], [28.637372, 77.075312], [28.636646, 77.07522]]', NOW()),
('28.535_77.229', 'Greater Kailash Enclave', 28.53543, 77.22911, 87, 94, 72, 0, 'improving', 0, '[[28.53545, 77.229107], [28.535463, 77.230137], [28.536428, 77.230135], [28.536432, 77.230108]]', NOW()),
('28.576_77.099', 'Palam Street', 28.57563, 77.09896, 57, 62, 38, 2, 'stable', 0, '[[28.575632, 77.098953], [28.576344, 77.099973], [28.576529, 77.099811]]', NOW()),
('28.679_77.234', 'Kashmere Gate Sector 2', 28.679, 77.23406, 32, 37, 11, 4, 'worsening', 0, '[[28.680239, 77.236516], [28.680394, 77.236441]]', NOW()),
('28.65_77.144', 'Moti Nagar Marg', 28.65035, 77.14363, 70, 80, 53, 3, 'improving', 0, '[[28.65034, 77.143622], [28.650076, 77.144111], [28.651105, 77.144876], [28.651328, 77.144498], [28.651401, 77.144554]]', NOW()),
('28.661_77.326', 'Anand Vihar Phase 5', 28.66143, 77.32562, 60, 66, 41, 2, 'improving', 0, '[[28.661408, 77.32564], [28.662289, 77.326761]]', NOW()),
('28.714_77.303', 'Gokulpuri Block', 28.71435, 77.30296, 26, 32, 3, 6, 'improving', 1, '[[28.714324, 77.302983], [28.714716, 77.303425], [28.715171, 77.303159], [28.715424, 77.30393]]', NOW()),
('28.632_77.124', 'Rajouri Garden Block 5', 28.63188, 77.12356, 75, 83, 54, 3, 'stable', 0, '[[28.631832, 77.123616], [28.630612, 77.12258], [28.629863, 77.123663], [28.632789, 77.126163], [28.633258, 77.125032], [28.633006, 77.12491], [28.63308, 77.124721]]', NOW()),
('28.651_77.217', 'Ballimaran Phase 8', 28.65065, 77.21739, 31, 39, 16, 4, 'worsening', 0, '[[28.650654, 77.217408], [28.650015, 77.21763], [28.65, 77.217566], [28.650752, 77.217304], [28.65266, 77.216739], [28.653955, 77.21643], [28.65397, 77.216507], [28.65418, 77.216827], [28.651472, 77.217349]]', NOW()),
('28.722_77.139', 'NH44 Road', 28.72183, 77.1391, 70, 77, 50, 3, 'improving', 0, '[[28.72159, 77.140375], [28.722079, 77.140522], [28.722649, 77.140756]]', NOW()),
('28.641_77.123', 'Raja Garden Sector 14', 28.64074, 77.12325, 65, 72, 50, 0, 'worsening', 0, '[[28.640747, 77.123258], [28.641112, 77.122768], [28.641686, 77.12388], [28.641263, 77.124478], [28.640984, 77.125082], [28.640922, 77.125347], [28.640917, 77.125612], [28.640951, 77.125826], [28.641075, 77.126166], [28.641499, 77.125912], [28.641435, 77.125742], [28.641414, 77.12537], [28.641458, 77.125209], [28.641584, 77.124943], [28.641917, 77.124452]]', NOW()),
('28.636_77.141', 'Naraina Block 6', 28.63607, 77.14143, 64, 69, 42, 3, 'improving', 0, '[[28.636183, 77.14124], [28.633134, 77.139498], [28.633167, 77.139405], [28.636334, 77.141234], [28.640714, 77.144642], [28.639857, 77.145862], [28.63953, 77.146191], [28.639063, 77.146407], [28.637769, 77.146666], [28.637573, 77.145622], [28.635976, 77.144379], [28.637245, 77.142631], [28.637046, 77.14247]]', NOW()),
('28.623_77.204', 'Janpath Block 8', 28.6231, 77.20411, 74, 84, 49, 1, 'worsening', 0, '[[28.62311, 77.204103], [28.623223, 77.204712], [28.623464, 77.205007], [28.623616, 77.205342], [28.62389, 77.205506], [28.624011, 77.205475], [28.624088, 77.2053], [28.624151, 77.205278]]', NOW()),
('28.66_77.264', 'Seelampur Marg', 28.66026, 77.26399, 25, 31, 3, 6, 'worsening', 1, '[[28.660267, 77.264218], [28.660585, 77.264241], [28.660871, 77.264349], [28.660744, 77.264626], [28.661278, 77.264962]]', NOW()),
('28.578_77.241', 'Ring Road', 28.57763, 77.24127, 71, 77, 48, 2, 'stable', 0, '[[28.577613, 77.241266], [28.577616, 77.241418], [28.578613, 77.241395], [28.578632, 77.242266]]', NOW());

INSERT INTO street_safety_scores (street_id, street_name, lat, lng, score, score_day, score_night, active_report_count, trend, escalated, geometry, last_updated) VALUES
('28.632_77.159', 'Inderpuri Phase 6', 28.63204, 77.15867, 62, 69, 38, 2, 'stable', 0, '[[28.631975, 77.158547], [28.633111, 77.157809], [28.633784, 77.159098], [28.633777, 77.159157], [28.633618, 77.159282], [28.633623, 77.159329]]', NOW()),
('28.646_77.096', 'Tilak Nagar Extension', 28.64553, 77.09639, 64, 71, 48, 1, 'improving', 0, '[[28.645509, 77.096588], [28.645724, 77.096624], [28.645705, 77.096944], [28.645964, 77.096932], [28.64625, 77.097014], [28.646269, 77.096927], [28.646598, 77.096931], [28.646591, 77.097395]]', NOW()),
('28.594_77.073', 'Dashrath Puri Sector 10', 28.59379, 77.07268, 55, 65, 31, 2, 'stable', 0, '[[28.594078, 77.07277], [28.594021, 77.073005], [28.594121, 77.073094], [28.594083, 77.073336], [28.594214, 77.073378], [28.593839, 77.075285], [28.593964, 77.075338], [28.594509, 77.072745], [28.594813, 77.071726], [28.594943, 77.071756], [28.594572, 77.072839], [28.59427, 77.074333], [28.594468, 77.074357], [28.594597, 77.073794], [28.594787, 77.073788]]', NOW()),
('28.635_77.286', 'Preet Vihar Phase 4', 28.63507, 77.28599, 74, 82, 54, 1, 'improving', 0, '[[28.635072, 77.285951], [28.632448, 77.286145], [28.632564, 77.287341], [28.632838, 77.287194], [28.633141, 77.286859], [28.633514, 77.286615], [28.633977, 77.287255], [28.634328, 77.2869], [28.634461, 77.286826], [28.635105, 77.286754], [28.635518, 77.28651], [28.635817, 77.287146]]', NOW()),
('28.554_77.207', 'Safdarjung Enclave Sector 9', 28.55424, 77.20724, 90, 100, 68, 1, 'worsening', 0, '[[28.554264, 77.207249], [28.554148, 77.207515], [28.555281, 77.208138]]', NOW()),
('28.628_77.219', 'Janpath Phase 5', 28.62763, 77.2192, 74, 82, 49, 3, 'worsening', 0, '[[28.627622, 77.219333], [28.630693, 77.219532], [28.630727, 77.220165], [28.630905, 77.220766], [28.631205, 77.221293], [28.631458, 77.221582], [28.631635, 77.221709], [28.631252, 77.222434], [28.631006, 77.222269], [28.630656, 77.221895], [28.630292, 77.221405], [28.630128, 77.221043], [28.629995, 77.220652], [28.629882, 77.219766], [28.629838, 77.219676], [28.629728, 77.219586], [28.628985, 77.219527], [28.628952, 77.220549], [28.628616, 77.220533]]', NOW()),
('28.59_77.224', 'Lodhi Road Sector 8', 28.59049, 77.22431, 89, 95, 69, 1, 'worsening', 0, '[[28.590449, 77.224311], [28.5904, 77.224026], [28.590238, 77.22383], [28.590147, 77.223774], [28.58972, 77.223833], [28.589715, 77.223751], [28.590333, 77.223682], [28.590597, 77.223612], [28.590677, 77.223646], [28.592195, 77.223538], [28.592201, 77.223602], [28.59136, 77.223649], [28.591538, 77.225299]]', NOW()),
('28.662_77.209', 'Sadar Bazar Block 12', 28.662, 77.20944, 25, 33, 8, 4, 'stable', 1, '[[28.662122, 77.209476], [28.662204, 77.209127], [28.663709, 77.209465], [28.664239, 77.207817], [28.664344, 77.207862], [28.663185, 77.211073], [28.662983, 77.210984], [28.663182, 77.210545]]', NOW()),
('28.539_77.208', 'Hauz Khas Block 1', 28.53908, 77.2085, 85, 90, 63, 0, 'worsening', 0, '[[28.539184, 77.20841], [28.540357, 77.208567], [28.540314, 77.209119], [28.540084, 77.209406]]', NOW()),
('28.589_77.208', 'Akbar Road', 28.5895, 77.20756, 85, 93, 60, 0, 'improving', 0, '[[28.589544, 77.207427], [28.589632, 77.207111], [28.589796, 77.207], [28.589914, 77.206983], [28.590841, 77.207082], [28.590893, 77.20715], [28.590882, 77.207417], [28.590929, 77.207493], [28.592341, 77.207679], [28.592231, 77.209197], [28.591561, 77.20951], [28.591502, 77.209666], [28.591451, 77.209535], [28.591414, 77.208785], [28.590571, 77.208789], [28.590569, 77.208534], [28.590501, 77.208528]]', NOW()),
('28.666_77.274', 'Gandhi Nagar Extension', 28.66583, 77.27397, 31, 40, 8, 3, 'worsening', 0, '[[28.665995, 77.273962], [28.666005, 77.274195], [28.666511, 77.274189], [28.666502, 77.274856], [28.666832, 77.274941]]', NOW()),
('28.623_77.281', 'Nirman Vihar Block 6', 28.62262, 77.28055, 75, 81, 54, 0, 'improving', 0, '[[28.622543, 77.280467], [28.621548, 77.281099], [28.622309, 77.282606], [28.623144, 77.282107], [28.623382, 77.28192], [28.62352, 77.281742]]', NOW()),
('28.64_77.24', 'Barakhamba Road', 28.63988, 77.23951, 76, 81, 55, 0, 'stable', 0, '[[28.639956, 77.23952], [28.640018, 77.237296], [28.640392, 77.231443], [28.640774, 77.231624], [28.64201, 77.232512], [28.641924, 77.232597], [28.641412, 77.2339], [28.640986, 77.235513], [28.640758, 77.238663], [28.640684, 77.238952], [28.640336, 77.239669], [28.640206, 77.24009], [28.640288, 77.240243], [28.640523, 77.240477], [28.640667, 77.240548], [28.640869, 77.240469]]', NOW()),
('28.704_77.295', 'Gokulpuri Block', 28.70385, 77.29489, 37, 42, 18, 7, 'stable', 0, '[[28.703965, 77.294936], [28.704012, 77.294794], [28.70411, 77.294828], [28.704643, 77.295091], [28.704875, 77.29528], [28.704616, 77.295699]]', NOW()),
('28.638_77.145', 'Kirti Nagar Block 13', 28.63811, 77.14498, 66, 76, 41, 0, 'improving', 0, '[[28.638361, 77.145197], [28.638042, 77.145669], [28.637638, 77.145809], [28.63776, 77.14656], [28.639201, 77.146263]]', NOW()),
('28.502_77.144', 'Mehrauli Gurgaon Road', 28.50184, 77.14419, 67, 75, 52, 3, 'improving', 0, '[[28.500887, 77.14524], [28.499423, 77.145501], [28.498434, 77.145797], [28.493571, 77.145714], [28.492706, 77.146476], [28.494665, 77.151055], [28.500592, 77.151151], [28.500742, 77.151146], [28.499971, 77.149014], [28.499971, 77.148592], [28.500407, 77.147808], [28.500934, 77.147913], [28.501499, 77.146056], [28.502491, 77.146384], [28.502746, 77.146259]]', NOW()),
('28.663_77.243', 'Chawri Bazar Extension', 28.66276, 77.24273, 33, 43, 18, 8, 'worsening', 0, '[[28.662732, 77.242725], [28.662607, 77.243285]]', NOW()),
('28.632_77.126', 'Naraina Phase 8', 28.63176, 77.12633, 54, 64, 30, 1, 'stable', 0, '[[28.631464, 77.126074], [28.631912, 77.125412], [28.633995, 77.127197], [28.633457, 77.128005], [28.632733, 77.127368]]', NOW()),
('28.66_77.09', 'Paschim Vihar Block', 28.66022, 77.09036, 74, 79, 55, 1, 'stable', 0, '[[28.660205, 77.090443], [28.660828, 77.090557], [28.660743, 77.091253], [28.66122, 77.091324]]', NOW()),
('28.528_77.233', 'Pushp Vihar Block', 28.52805, 77.23269, 73, 83, 58, 1, 'worsening', 0, '[[28.527276, 77.232368], [28.526622, 77.2344], [28.526573, 77.234382], [28.527517, 77.231406], [28.526604, 77.23106], [28.526667, 77.230878], [28.529001, 77.231805], [28.533063, 77.231906], [28.53303, 77.23211], [28.529518, 77.231978], [28.529673, 77.232452], [28.529292, 77.233777]]', NOW()),
('28.711_77.258', 'Yamuna Vihar Block 9', 28.71124, 77.25787, 40, 45, 18, 1, 'improving', 0, '[[28.71147, 77.257943], [28.711727, 77.257894], [28.712037, 77.257895], [28.711608, 77.25971], [28.711216, 77.260685], [28.711065, 77.261347], [28.711376, 77.261442], [28.711475, 77.260962], [28.711879, 77.259861], [28.712134, 77.25884]]', NOW()),
('28.625_77.275', 'Nirman Vihar Street', 28.62535, 77.27467, 67, 77, 48, 3, 'worsening', 0, '[[28.625386, 77.274689], [28.626373, 77.270888], [28.626835, 77.270334], [28.627847, 77.269863], [28.628074, 77.269306], [28.627912, 77.253261], [28.628129, 77.24918], [28.628097, 77.2467], [28.628223, 77.246711], [28.628119, 77.251081], [28.628236, 77.271931], [28.628394, 77.273874], [28.628901, 77.274909], [28.628779, 77.275004], [28.627999, 77.274126], [28.627214, 77.274082], [28.626012, 77.27481], [28.626174, 77.275727]]', NOW()),
('28.602_77.216', 'Lodhi Road', 28.60157, 77.2156, 89, 97, 67, 2, 'improving', 0, '[[28.601674, 77.215689], [28.601971, 77.215203], [28.602328, 77.214515], [28.603767, 77.212085], [28.603841, 77.211869], [28.603746, 77.211734], [28.603711, 77.211612], [28.603752, 77.21134], [28.603824, 77.211234], [28.603948, 77.211146], [28.604092, 77.21112], [28.60426, 77.211173], [28.604387, 77.211306], [28.604436, 77.211424], [28.60445, 77.211573], [28.604411, 77.211736], [28.604241, 77.211925], [28.604017, 77.211962], [28.60387, 77.212058], [28.602519, 77.214317], [28.601944, 77.215416], [28.601545, 77.216067], [28.602253, 77.216684], [28.602538, 77.216533]]', NOW()),
('28.628_77.195', 'Rajendra Nagar Phase 6', 28.62827, 77.1953, 61, 67, 41, 0, 'improving', 0, '[[28.627956, 77.19583], [28.62905, 77.196671]]', NOW()),
('28.649_77.284', 'Nirman Vihar Enclave', 28.64933, 77.28411, 64, 73, 39, 3, 'worsening', 0, '[[28.649405, 77.284109], [28.649417, 77.283134], [28.649639, 77.283161], [28.649644, 77.284599], [28.649949, 77.284568], [28.650245, 77.284654], [28.650107, 77.285067]]', NOW()),
('28.637_77.315', 'Karkarduma Enclave', 28.63663, 77.31491, 62, 67, 47, 1, 'worsening', 0, '[[28.636632, 77.314787], [28.637443, 77.314805], [28.638016, 77.314922], [28.639483, 77.31536], [28.638582, 77.316618], [28.637942, 77.316021], [28.637856, 77.316], [28.637787, 77.316059]]', NOW()),
('28.646_77.239', 'Daryaganj Avenue', 28.64562, 77.23927, 52, 57, 30, 1, 'worsening', 0, '[[28.646096, 77.238862], [28.646413, 77.239299], [28.646392, 77.240193], [28.648151, 77.240072], [28.648325, 77.240017], [28.648299, 77.240202], [28.646622, 77.240318]]', NOW()),
('28.684_77.087', 'Mongolpuri Sector 3', 28.68398, 77.08716, 34, 40, 18, 4, 'stable', 0, '[[28.683111, 77.087069], [28.683317, 77.084179], [28.683826, 77.080144], [28.684889, 77.080262], [28.685125, 77.080382], [28.685209, 77.080468], [28.685575, 77.081026], [28.686274, 77.081418], [28.686254, 77.082566], [28.685143, 77.082526], [28.685013, 77.088164]]', NOW()),
('28.631_77.051', 'Nawada Block 1', 28.63076, 77.05094, 49, 59, 33, 2, 'worsening', 0, '[[28.630824, 77.050944], [28.630801, 77.052763], [28.630639, 77.05276], [28.630644, 77.053217], [28.630536, 77.053557], [28.630962, 77.053992], [28.631221, 77.054153], [28.631834, 77.053507], [28.631841, 77.05192], [28.631764, 77.051918]]', NOW()),
('28.627_77.258', 'ITO Sector 3', 28.62722, 77.25773, 61, 70, 39, 0, 'stable', 0, '[[28.627917, 77.257727], [28.627912, 77.253261], [28.62804, 77.251878], [28.628037, 77.250529], [28.628129, 77.24918], [28.628097, 77.2467], [28.628223, 77.246711], [28.628245, 77.247084], [28.628191, 77.249689], [28.628227, 77.258731]]', NOW()),
('28.632_77.127', 'Tagore Garden Sector 11', 28.63241, 77.12672, 61, 70, 42, 1, 'worsening', 0, '[[28.632593, 77.126884], [28.632439, 77.127109], [28.633309, 77.127875]]', NOW()),
('28.655_77.164', 'Patel Nagar Phase 8', 28.655, 77.16377, 70, 80, 46, 2, 'stable', 0, '[[28.65496, 77.163745], [28.654899, 77.163843], [28.655588, 77.164346], [28.655404, 77.164644], [28.655912, 77.164968], [28.656006, 77.16478]]', NOW()),
('28.605_77.276', 'Noida Link Road', 28.60452, 77.27645, 69, 77, 46, 1, 'improving', 0, '[[28.605871, 77.277554], [28.605871, 77.277554]]', NOW()),
('28.734_77.096', 'Rohini Sector Market', 28.73379, 77.09605, 57, 62, 42, 2, 'stable', 0, '[[28.733678, 77.095953], [28.734033, 77.095455], [28.734259, 77.095668], [28.734126, 77.095864], [28.735326, 77.096933], [28.735075, 77.097325], [28.734784, 77.097056]]', NOW()),
('28.617_77.035', 'Nawada Sector 2', 28.61711, 77.03477, 41, 50, 18, 2, 'worsening', 0, '[[28.61712, 77.034747], [28.616497, 77.034754], [28.616518, 77.035681], [28.617998, 77.035694], [28.618088, 77.035801]]', NOW()),
('28.509_77.223', 'Sainik Farm Phase 15', 28.50875, 77.22291, 63, 70, 45, 1, 'improving', 0, '[[28.508764, 77.222434], [28.509457, 77.222462], [28.509451, 77.223823], [28.509751, 77.22383]]', NOW()),
('28.536_77.254', 'Greater Kailash Sector 5', 28.53624, 77.25387, 95, 100, 73, 0, 'worsening', 0, '[[28.53625, 77.253897], [28.536606, 77.253718], [28.536705, 77.254254], [28.536914, 77.255008], [28.537223, 77.254833]]', NOW()),
('28.691_77.195', 'Model Town Marg', 28.69123, 77.19455, 80, 86, 63, 0, 'worsening', 0, '[[28.691216, 77.194564], [28.692171, 77.195619]]', NOW()),
('28.643_77.227', 'Connaught Place Block', 28.64257, 77.22686, 84, 90, 64, 3, 'worsening', 0, '[[28.642523, 77.226792], [28.642623, 77.226732], [28.642768, 77.226742], [28.642872, 77.226829], [28.642924, 77.227014], [28.643069, 77.22714], [28.643615, 77.227548], [28.643766, 77.227542], [28.643859, 77.22762], [28.6439, 77.227748], [28.643829, 77.227934], [28.643651, 77.227985], [28.643531, 77.227888]]', NOW()),
('28.623_77.226', 'Janpath Enclave', 28.62334, 77.22595, 67, 74, 49, 1, 'stable', 0, '[[28.62333, 77.22594], [28.623518, 77.225834], [28.623683, 77.226158], [28.623258, 77.226409], [28.622755, 77.225372], [28.623917, 77.224728], [28.624746, 77.226729]]', NOW()),
('28.661_77.241', 'Chawri Bazar Phase 12', 28.66147, 77.24142, 41, 50, 20, 2, 'improving', 0, '[[28.661078, 77.241077], [28.661592, 77.240294], [28.661914, 77.239554], [28.661721, 77.23917], [28.661775, 77.239033], [28.661988, 77.239434], [28.662103, 77.239577], [28.662141, 77.240096], [28.662578, 77.241246], [28.662457, 77.241794], [28.662466, 77.242418]]', NOW()),
('28.51_77.177', 'Mehrauli Block', 28.50963, 77.17652, 55, 61, 31, 0, 'improving', 0, '[[28.510319, 77.176678], [28.510108, 77.177827], [28.510309, 77.17777], [28.510657, 77.177567]]', NOW()),
('28.649_77.217', 'Khari Baoli Block 12', 28.64891, 77.21675, 39, 47, 24, 6, 'improving', 0, '[[28.648883, 77.21675], [28.648873, 77.217692], [28.649202, 77.217606], [28.65, 77.217566], [28.650015, 77.21763], [28.649883, 77.217679]]', NOW()),
('28.679_77.284', 'Welcome Colony Extension', 28.67855, 77.28408, 32, 38, 12, 3, 'improving', 0, '[[28.678574, 77.284017], [28.679811, 77.284617], [28.679614, 77.285113]]', NOW()),
('28.689_77.278', 'Gokulpuri Lane', 28.68915, 77.2779, 26, 36, 5, 8, 'stable', 1, '[[28.689172, 77.277842], [28.689536, 77.278042], [28.689281, 77.278672], [28.690078, 77.279088]]', NOW()),
('28.646_77.273', 'Gandhi Nagar Sector 5', 28.64561, 77.273, 30, 37, 14, 8, 'worsening', 0, '[[28.645606, 77.273052], [28.645874, 77.273057], [28.645914, 77.273791], [28.646691, 77.273914], [28.64661, 77.274004]]', NOW()),
('28.63_77.148', 'Naraina Block 9', 28.62979, 77.14751, 62, 67, 44, 3, 'improving', 0, '[[28.629785, 77.147517], [28.630818, 77.148143], [28.630598, 77.148731], [28.630829, 77.148599]]', NOW()),
('28.551_77.159', 'Munirka Block 5', 28.55065, 77.15863, 60, 65, 35, 3, 'stable', 0, '[[28.550351, 77.159317], [28.550615, 77.159468], [28.550635, 77.159527]]', NOW()),
('28.617_77.317', 'IP Extension Block 4', 28.61704, 77.31669, 74, 79, 53, 3, 'stable', 0, '[[28.617075, 77.316675], [28.617525, 77.31818], [28.617604, 77.318149], [28.617647, 77.317919], [28.618065, 77.317761]]', NOW()),
('28.523_77.232', 'Sheikh Sarai Lane', 28.52286, 77.23237, 68, 78, 52, 0, 'stable', 0, '[[28.522871, 77.232327], [28.523163, 77.232386], [28.523122, 77.233355], [28.523855, 77.23339]]', NOW());

INSERT INTO reports (user_id, lat, lng, street_name, street_id, incident_type, severity, description, photo_url, anonymous, resolved, reported_at) VALUES
(1, 28.69709, 77.07502, 'Mongolpuri Enclave', '28.697_77.075', 'drunk_crowd', 3, 'People drinking in cars', '/uploads/demo_report_1.jpg', 1, 1, DATE_SUB(NOW(), INTERVAL 29 HOUR)),
(1, 28.67855, 77.28408, 'Welcome Colony Extension', '28.679_77.284', 'poor_lighting', 3, 'Very dark after 9PM', '/uploads/demo_report_2.jpg', 0, 0, DATE_SUB(NOW(), INTERVAL 12 HOUR)),
(2, 28.66147, 77.24142, 'Chawri Bazar Phase 12', '28.661_77.241', 'poor_lighting', 1, 'Street lights broken here', '/uploads/demo_report_3.jpg', 1, 1, DATE_SUB(NOW(), INTERVAL 38 HOUR)),
(4, 28.61739, 77.3074, 'Mandawali Lane', '28.617_77.307', 'isolated_road', 1, 'No one around after dark', '/uploads/demo_report_4.jpg', 0, 1, DATE_SUB(NOW(), INTERVAL 25 HOUR)),
(4, 28.61711, 77.03477, 'Nawada Sector 2', '28.617_77.035', 'suspicious_person', 2, 'Suspicious vehicle parked', '/uploads/demo_report_5.jpg', 0, 0, DATE_SUB(NOW(), INTERVAL 22 HOUR)),
(3, 28.52805, 77.23269, 'Pushp Vihar Block', '28.528_77.233', 'poor_lighting', 1, 'No lights at this intersection', '/uploads/demo_report_6.jpg', 0, 0, DATE_SUB(NOW(), INTERVAL 40 HOUR)),
(3, 28.64461, 77.23751, 'Ballimaran Sector 14', '28.645_77.238', 'theft_robbery', 3, 'Chain snatching incident', '/uploads/demo_report_7.jpg', 0, 0, DATE_SUB(NOW(), INTERVAL 2 HOUR)),
(5, 28.56438, 77.22932, 'Defence Colony Enclave', '28.564_77.229', 'suspicious_person', 2, 'Group of guys staring at women', '/uploads/demo_report_8.jpg', 0, 0, DATE_SUB(NOW(), INTERVAL 21 HOUR)),
(2, 28.65065, 77.21739, 'Ballimaran Phase 8', '28.651_77.217', 'general_unsafe', 1, 'Avoid this route at night', '/uploads/demo_report_9.jpg', 0, 0, DATE_SUB(NOW(), INTERVAL 9 HOUR)),
(2, 28.66147, 77.24142, 'Chawri Bazar Phase 12', '28.661_77.241', 'poor_lighting', 3, 'No lights at this intersection', '/uploads/demo_report_10.jpg', 1, 0, DATE_SUB(NOW(), INTERVAL 36 HOUR)),
(4, 28.66147, 77.24142, 'Chawri Bazar Phase 12', '28.661_77.241', 'assault', 3, 'Fight broke out', '/uploads/demo_report_11.jpg', 0, 0, DATE_SUB(NOW(), INTERVAL 37 HOUR)),
(5, 28.62262, 77.28055, 'Nirman Vihar Block 6', '28.623_77.281', 'theft_robbery', 3, 'Purse stolen near the market', '/uploads/demo_report_12.jpg', 0, 0, DATE_SUB(NOW(), INTERVAL 13 HOUR)),
(1, 28.74806, 77.26094, 'Karawal Nagar Phase 2', '28.748_77.261', 'theft_robbery', 4, 'Phone snatched here yesterday', '/uploads/demo_report_13.jpg', 1, 0, DATE_SUB(NOW(), INTERVAL 2 HOUR)),
(4, 28.66583, 77.27397, 'Gandhi Nagar Extension', '28.666_77.274', 'assault', 3, 'Fight broke out', '/uploads/demo_report_14.jpg', 0, 1, DATE_SUB(NOW(), INTERVAL 34 HOUR)),
(3, 28.69742, 77.28519, 'Gokulpuri Sector 15', '28.697_77.285', 'eve_teasing', 3, 'Unsafe for women walking alone', '/uploads/demo_report_15.jpg', 0, 0, DATE_SUB(NOW(), INTERVAL 17 HOUR)),
(5, 28.68901, 77.06192, 'Nangloi Street', '28.689_77.062', 'poor_lighting', 1, 'Street lights broken here', '/uploads/demo_report_16.jpg', 1, 0, DATE_SUB(NOW(), INTERVAL 36 HOUR)),
(4, 28.64891, 77.21675, 'Khari Baoli Block 12', '28.649_77.217', 'suspicious_person', 2, 'Someone following people', '/uploads/demo_report_17.jpg', 0, 1, DATE_SUB(NOW(), INTERVAL 39 HOUR)),
(2, 28.64009, 77.21991, 'Ballimaran Sector 12', '28.64_77.22', 'drunk_crowd', 2, 'Rowdy crowd after 10PM', '/uploads/demo_report_18.jpg', 0, 0, DATE_SUB(NOW(), INTERVAL 40 HOUR)),
(1, 28.66583, 77.27397, 'Gandhi Nagar Extension', '28.666_77.274', 'isolated_road', 2, 'Needs police patrolling', '/uploads/demo_report_19.jpg', 0, 0, DATE_SUB(NOW(), INTERVAL 17 HOUR)),
(3, 28.65065, 77.21739, 'Ballimaran Phase 8', '28.651_77.217', 'eve_teasing', 3, 'Unsafe for women walking alone', '/uploads/demo_report_20.jpg', 0, 1, DATE_SUB(NOW(), INTERVAL 27 HOUR)),
(5, 28.66044, 77.23183, 'Chandni Chowk Avenue', '28.66_77.232', 'assault', 3, 'Physical altercation seen', '/uploads/demo_report_21.jpg', 0, 1, DATE_SUB(NOW(), INTERVAL 27 HOUR)),
(3, 28.662, 77.20944, 'Sadar Bazar Block 12', '28.662_77.209', 'general_unsafe', 1, 'Doesn\'t feel safe walking here', '/uploads/demo_report_22.jpg', 1, 0, DATE_SUB(NOW(), INTERVAL 1 HOUR)),
(5, 28.65573, 77.21591, 'Nai Sarak Enclave', '28.656_77.216', 'eve_teasing', 1, 'Unsafe for women walking alone', '/uploads/demo_report_23.jpg', 1, 1, DATE_SUB(NOW(), INTERVAL 30 HOUR)),
(4, 28.67148, 77.07064, 'Nangloi Sector 9', '28.671_77.071', 'poor_lighting', 2, 'No lights at this intersection', '/uploads/demo_report_24.jpg', 0, 0, DATE_SUB(NOW(), INTERVAL 23 HOUR)),
(1, 28.73055, 77.16085, 'Bhalaswa Street', '28.731_77.161', 'harassment', 4, 'Harassment near the metro', '/uploads/demo_report_25.jpg', 1, 0, DATE_SUB(NOW(), INTERVAL 24 HOUR)),
(1, 28.57563, 77.09896, 'Palam Street', '28.576_77.099', 'harassment', 3, 'Catcalling by a group', '/uploads/demo_report_26.jpg', 0, 0, DATE_SUB(NOW(), INTERVAL 44 HOUR)),
(4, 28.63076, 77.05094, 'Nawada Block 1', '28.631_77.051', 'suspicious_person', 1, 'Suspicious vehicle parked', '/uploads/demo_report_27.jpg', 0, 0, DATE_SUB(NOW(), INTERVAL 6 HOUR)),
(3, 28.6982, 77.21252, 'Mukherjee Nagar Phase 3', '28.698_77.213', 'assault', 5, 'Someone was attacked here', '/uploads/demo_report_28.jpg', 1, 0, DATE_SUB(NOW(), INTERVAL 8 HOUR)),
(1, 28.67855, 77.28408, 'Welcome Colony Extension', '28.679_77.284', 'theft_robbery', 5, 'Phone snatched here yesterday', '/uploads/demo_report_29.jpg', 0, 1, DATE_SUB(NOW(), INTERVAL 25 HOUR)),
(5, 28.65159, 77.21224, 'Paharganj Sector 3', '28.652_77.212', 'broken_cctv', 2, 'No CCTV coverage here', '/uploads/demo_report_30.jpg', 1, 0, DATE_SUB(NOW(), INTERVAL 13 HOUR)),
(5, 28.65477, 77.19233, 'Bahadurgarh Road Phase 7', '28.655_77.192', 'broken_cctv', 3, 'CCTV is pointing downwards', '/uploads/demo_report_31.jpg', 1, 0, DATE_SUB(NOW(), INTERVAL 17 HOUR)),
(5, 28.71435, 77.30296, 'Gokulpuri Block', '28.714_77.303', 'general_unsafe', 1, 'Avoid this route at night', '/uploads/demo_report_32.jpg', 0, 0, DATE_SUB(NOW(), INTERVAL 14 HOUR)),
(5, 28.66276, 77.24273, 'Chawri Bazar Extension', '28.663_77.243', 'isolated_road', 1, 'Needs police patrolling', '/uploads/demo_report_33.jpg', 1, 0, DATE_SUB(NOW(), INTERVAL 32 HOUR)),
(3, 28.50963, 77.17652, 'Mehrauli Block', '28.51_77.177', 'poor_lighting', 2, 'Very dark after 9PM', '/uploads/demo_report_34.jpg', 0, 0, DATE_SUB(NOW(), INTERVAL 15 HOUR)),
(4, 28.61739, 77.3074, 'Mandawali Lane', '28.617_77.307', 'drunk_crowd', 3, 'People drinking in cars', '/uploads/demo_report_35.jpg', 1, 0, DATE_SUB(NOW(), INTERVAL 5 HOUR)),
(1, 28.61507, 77.2767, 'Laxmi Nagar Phase 13', '28.615_77.277', 'general_unsafe', 2, 'Bad vibes in this lane', '/uploads/demo_report_36.jpg', 0, 0, DATE_SUB(NOW(), INTERVAL 1 HOUR)),
(2, 28.68675, 77.21006, 'Kamla Nagar Block', '28.687_77.21', 'poor_lighting', 1, 'Street lights broken here', '/uploads/demo_report_37.jpg', 0, 0, DATE_SUB(NOW(), INTERVAL 3 HOUR)),
(2, 28.62716, 77.05186, 'Uttam Nagar Phase 14', '28.627_77.052', 'eve_teasing', 3, 'Boys passing comments', '/uploads/demo_report_38.jpg', 0, 0, DATE_SUB(NOW(), INTERVAL 38 HOUR)),
(2, 28.64391, 77.05334, 'Nilothi Lane', '28.644_77.053', 'general_unsafe', 3, 'Avoid this route at night', '/uploads/demo_report_39.jpg', 0, 0, DATE_SUB(NOW(), INTERVAL 22 HOUR)),
(4, 28.66151, 77.20061, 'Bahadurgarh Road Sector 2', '28.662_77.201', 'assault', 4, 'Physical altercation seen', '/uploads/demo_report_40.jpg', 0, 1, DATE_SUB(NOW(), INTERVAL 38 HOUR)),
(1, 28.66151, 77.20061, 'Bahadurgarh Road Sector 2', '28.662_77.201', 'drunk_crowd', 3, 'Drunk men outside the liquor shop', '/uploads/demo_report_41.jpg', 0, 1, DATE_SUB(NOW(), INTERVAL 28 HOUR)),
(1, 28.64448, 77.22666, 'Daryaganj Sector 10', '28.644_77.227', 'drunk_crowd', 2, 'Rowdy crowd after 10PM', '/uploads/demo_report_42.jpg', 1, 0, DATE_SUB(NOW(), INTERVAL 34 HOUR)),
(2, 28.66147, 77.24142, 'Chawri Bazar Phase 12', '28.661_77.241', 'isolated_road', 1, 'Needs police patrolling', '/uploads/demo_report_43.jpg', 0, 0, DATE_SUB(NOW(), INTERVAL 44 HOUR)),
(2, 28.64757, 77.22581, 'Turkman Gate Enclave', '28.648_77.226', 'assault', 3, 'Physical altercation seen', '/uploads/demo_report_44.jpg', 1, 0, DATE_SUB(NOW(), INTERVAL 47 HOUR)),
(4, 28.63988, 77.23951, 'Barakhamba Road', '28.64_77.24', 'suspicious_person', 2, 'Group of guys staring at women', '/uploads/demo_report_45.jpg', 1, 0, DATE_SUB(NOW(), INTERVAL 5 HOUR)),
(1, 28.65159, 77.21224, 'Paharganj Sector 3', '28.652_77.212', 'assault', 4, 'Physical altercation seen', '/uploads/demo_report_46.jpg', 1, 0, DATE_SUB(NOW(), INTERVAL 10 HOUR)),
(1, 28.67148, 77.07064, 'Nangloi Sector 9', '28.671_77.071', 'general_unsafe', 1, 'Avoid this route at night', '/uploads/demo_report_47.jpg', 1, 0, DATE_SUB(NOW(), INTERVAL 25 HOUR)),
(1, 28.64757, 77.22581, 'Turkman Gate Enclave', '28.648_77.226', 'assault', 4, 'Someone was attacked here', '/uploads/demo_report_48.jpg', 0, 1, DATE_SUB(NOW(), INTERVAL 35 HOUR)),
(2, 28.68915, 77.2779, 'Gokulpuri Lane', '28.689_77.278', 'drunk_crowd', 2, 'Drunk men outside the liquor shop', '/uploads/demo_report_49.jpg', 1, 0, DATE_SUB(NOW(), INTERVAL 10 HOUR)),
(1, 28.62171, 77.29075, 'Mandawali Phase 13', '28.622_77.291', 'theft_robbery', 4, 'Chain snatching incident', '/uploads/demo_report_50.jpg', 0, 1, DATE_SUB(NOW(), INTERVAL 36 HOUR));

INSERT INTO reports (user_id, lat, lng, street_name, street_id, incident_type, severity, description, photo_url, anonymous, resolved, reported_at) VALUES
(1, 28.5748, 77.16714, 'RK Puram Road', '28.575_77.167', 'broken_cctv', 2, 'Cameras have been damaged', '/uploads/demo_report_51.jpg', 1, 0, DATE_SUB(NOW(), INTERVAL 36 HOUR)),
(1, 28.64709, 77.14824, 'Shadipur Phase 3', '28.647_77.148', 'eve_teasing', 2, 'Boys passing comments', '/uploads/demo_report_52.jpg', 1, 0, DATE_SUB(NOW(), INTERVAL 4 HOUR)),
(2, 28.66044, 77.23183, 'Chandni Chowk Avenue', '28.66_77.232', 'broken_cctv', 1, 'Cameras have been damaged', '/uploads/demo_report_53.jpg', 0, 0, DATE_SUB(NOW(), INTERVAL 7 HOUR)),
(4, 28.61739, 77.3074, 'Mandawali Lane', '28.617_77.307', 'broken_cctv', 1, 'CCTV is pointing downwards', '/uploads/demo_report_54.jpg', 1, 0, DATE_SUB(NOW(), INTERVAL 13 HOUR)),
(1, 28.65921, 77.15105, 'Shadipur Sector 11', '28.659_77.151', 'harassment', 3, 'Verbal abuse', '/uploads/demo_report_55.jpg', 0, 0, DATE_SUB(NOW(), INTERVAL 5 HOUR)),
(1, 28.63507, 77.28599, 'Preet Vihar Phase 4', '28.635_77.286', 'drunk_crowd', 2, 'Drunk men outside the liquor shop', '/uploads/demo_report_56.jpg', 1, 0, DATE_SUB(NOW(), INTERVAL 7 HOUR)),
(1, 28.62535, 77.27467, 'Nirman Vihar Street', '28.625_77.275', 'suspicious_person', 2, 'Suspicious vehicle parked', '/uploads/demo_report_57.jpg', 0, 1, DATE_SUB(NOW(), INTERVAL 48 HOUR)),
(1, 28.68391, 77.03205, 'Mundka Road', '28.684_77.032', 'poor_lighting', 2, 'Very dark after 9PM', '/uploads/demo_report_58.jpg', 1, 1, DATE_SUB(NOW(), INTERVAL 34 HOUR)),
(2, 28.68957, 77.01846, 'Mundka Phase 1', '28.69_77.018', 'poor_lighting', 1, 'Street lights broken here', '/uploads/demo_report_59.jpg', 1, 0, DATE_SUB(NOW(), INTERVAL 7 HOUR)),
(4, 28.662, 77.20944, 'Sadar Bazar Block 12', '28.662_77.209', 'drunk_crowd', 2, 'People drinking in cars', '/uploads/demo_report_60.jpg', 1, 1, DATE_SUB(NOW(), INTERVAL 41 HOUR)),
(4, 28.74806, 77.26094, 'Karawal Nagar Phase 2', '28.748_77.261', 'suspicious_person', 1, 'Suspicious vehicle parked', '/uploads/demo_report_61.jpg', 0, 1, DATE_SUB(NOW(), INTERVAL 32 HOUR)),
(2, 28.65543, 77.23386, 'Nai Sarak Phase 6', '28.655_77.234', 'suspicious_person', 1, 'Group of guys staring at women', '/uploads/demo_report_62.jpg', 0, 0, DATE_SUB(NOW(), INTERVAL 6 HOUR)),
(1, 28.63267, 77.22167, 'Hauz Qazi Sector 10', '28.633_77.222', 'theft_robbery', 3, 'Purse stolen near the market', '/uploads/demo_report_63.jpg', 1, 1, DATE_SUB(NOW(), INTERVAL 28 HOUR)),
(5, 28.67855, 77.28408, 'Welcome Colony Extension', '28.679_77.284', 'poor_lighting', 2, 'Very dark after 9PM', '/uploads/demo_report_64.jpg', 0, 1, DATE_SUB(NOW(), INTERVAL 42 HOUR)),
(3, 28.66276, 77.24273, 'Chawri Bazar Extension', '28.663_77.243', 'harassment', 3, 'Harassment near the metro', '/uploads/demo_report_65.jpg', 1, 1, DATE_SUB(NOW(), INTERVAL 27 HOUR)),
(2, 28.65065, 77.21739, 'Ballimaran Phase 8', '28.651_77.217', 'suspicious_person', 3, 'Someone following people', '/uploads/demo_report_66.jpg', 1, 0, DATE_SUB(NOW(), INTERVAL 8 HOUR)),
(4, 28.69742, 77.28519, 'Gokulpuri Sector 15', '28.697_77.285', 'drunk_crowd', 1, 'Rowdy crowd after 10PM', '/uploads/demo_report_67.jpg', 0, 0, DATE_SUB(NOW(), INTERVAL 44 HOUR)),
(1, 28.66151, 77.20061, 'Bahadurgarh Road Sector 2', '28.662_77.201', 'eve_teasing', 3, 'Eve teasing at bus stop', '/uploads/demo_report_68.jpg', 0, 0, DATE_SUB(NOW(), INTERVAL 23 HOUR)),
(1, 28.54008, 77.18613, 'Hauz Khas Extension', '28.54_77.186', 'harassment', 5, 'Harassment near the metro', '/uploads/demo_report_69.jpg', 1, 1, DATE_SUB(NOW(), INTERVAL 29 HOUR)),
(2, 28.50963, 77.17652, 'Mehrauli Block', '28.51_77.177', 'isolated_road', 2, 'No one around after dark', '/uploads/demo_report_70.jpg', 1, 0, DATE_SUB(NOW(), INTERVAL 19 HOUR)),
(1, 28.66022, 77.09036, 'Paschim Vihar Block', '28.66_77.09', 'eve_teasing', 3, 'Eve teasing at bus stop', '/uploads/demo_report_71.jpg', 1, 0, DATE_SUB(NOW(), INTERVAL 23 HOUR)),
(1, 28.66035, 77.18269, 'Bahadurgarh Road Block 13', '28.66_77.183', 'harassment', 4, 'Verbal abuse', '/uploads/demo_report_72.jpg', 1, 1, DATE_SUB(NOW(), INTERVAL 32 HOUR)),
(4, 28.64561, 77.273, 'Gandhi Nagar Sector 5', '28.646_77.273', 'broken_cctv', 2, 'No CCTV coverage here', '/uploads/demo_report_73.jpg', 1, 0, DATE_SUB(NOW(), INTERVAL 8 HOUR)),
(2, 28.72183, 77.1391, 'NH44 Road', '28.722_77.139', 'general_unsafe', 2, 'Bad vibes in this lane', '/uploads/demo_report_74.jpg', 0, 0, DATE_SUB(NOW(), INTERVAL 17 HOUR)),
(3, 28.61997, 77.20803, 'Parliament Street Sector 5', '28.62_77.208', 'eve_teasing', 1, 'Eve teasing at bus stop', '/uploads/demo_report_75.jpg', 1, 1, DATE_SUB(NOW(), INTERVAL 31 HOUR)),
(5, 28.5895, 77.20756, 'Akbar Road', '28.589_77.208', 'harassment', 5, 'Harassment near the metro', '/uploads/demo_report_76.jpg', 0, 0, DATE_SUB(NOW(), INTERVAL 9 HOUR)),
(2, 28.64448, 77.22666, 'Daryaganj Sector 10', '28.644_77.227', 'assault', 4, 'Physical altercation seen', '/uploads/demo_report_77.jpg', 0, 0, DATE_SUB(NOW(), INTERVAL 26 HOUR)),
(2, 28.64891, 77.21675, 'Khari Baoli Block 12', '28.649_77.217', 'eve_teasing', 2, 'Eve teasing at bus stop', '/uploads/demo_report_78.jpg', 1, 1, DATE_SUB(NOW(), INTERVAL 47 HOUR)),
(2, 28.64562, 77.23927, 'Daryaganj Avenue', '28.646_77.239', 'broken_cctv', 1, 'Cameras have been damaged', '/uploads/demo_report_79.jpg', 1, 0, DATE_SUB(NOW(), INTERVAL 14 HOUR)),
(4, 28.65159, 77.21224, 'Paharganj Sector 3', '28.652_77.212', 'harassment', 5, 'Harassment near the metro', '/uploads/demo_report_80.jpg', 1, 0, DATE_SUB(NOW(), INTERVAL 10 HOUR)),
(2, 28.65477, 77.19233, 'Bahadurgarh Road Phase 7', '28.655_77.192', 'broken_cctv', 1, 'No CCTV coverage here', '/uploads/demo_report_81.jpg', 0, 0, DATE_SUB(NOW(), INTERVAL 39 HOUR)),
(4, 28.65477, 77.19233, 'Bahadurgarh Road Phase 7', '28.655_77.192', 'drunk_crowd', 3, 'Drunk men outside the liquor shop', '/uploads/demo_report_82.jpg', 0, 0, DATE_SUB(NOW(), INTERVAL 1 HOUR)),
(5, 28.62027, 77.2258, 'Minto Road Block 3', '28.62_77.226', 'isolated_road', 1, 'No one around after dark', '/uploads/demo_report_83.jpg', 0, 1, DATE_SUB(NOW(), INTERVAL 37 HOUR)),
(2, 28.65159, 77.21224, 'Paharganj Sector 3', '28.652_77.212', 'harassment', 5, 'Catcalling by a group', '/uploads/demo_report_84.jpg', 1, 1, DATE_SUB(NOW(), INTERVAL 35 HOUR)),
(1, 28.66276, 77.24273, 'Chawri Bazar Extension', '28.663_77.243', 'poor_lighting', 2, 'No lights at this intersection', '/uploads/demo_report_85.jpg', 0, 0, DATE_SUB(NOW(), INTERVAL 31 HOUR)),
(1, 28.65543, 77.23386, 'Nai Sarak Phase 6', '28.655_77.234', 'broken_cctv', 1, 'No CCTV coverage here', '/uploads/demo_report_86.jpg', 0, 0, DATE_SUB(NOW(), INTERVAL 6 HOUR)),
(4, 28.69709, 77.07502, 'Mongolpuri Enclave', '28.697_77.075', 'broken_cctv', 1, 'Cameras have been damaged', '/uploads/demo_report_87.jpg', 1, 0, DATE_SUB(NOW(), INTERVAL 25 HOUR)),
(2, 28.74806, 77.26094, 'Karawal Nagar Phase 2', '28.748_77.261', 'poor_lighting', 1, 'Very dark after 9PM', '/uploads/demo_report_88.jpg', 0, 0, DATE_SUB(NOW(), INTERVAL 46 HOUR)),
(1, 28.55065, 77.15863, 'Munirka Block 5', '28.551_77.159', 'poor_lighting', 3, 'Street lights broken here', '/uploads/demo_report_89.jpg', 0, 1, DATE_SUB(NOW(), INTERVAL 40 HOUR)),
(2, 28.64448, 77.22666, 'Daryaganj Sector 10', '28.644_77.227', 'eve_teasing', 3, 'Eve teasing at bus stop', '/uploads/demo_report_90.jpg', 1, 0, DATE_SUB(NOW(), INTERVAL 45 HOUR)),
(5, 28.64648, 77.23608, 'Daryaganj Enclave', '28.646_77.236', 'general_unsafe', 3, 'Avoid this route at night', '/uploads/demo_report_91.jpg', 1, 1, DATE_SUB(NOW(), INTERVAL 37 HOUR)),
(4, 28.63811, 77.14498, 'Kirti Nagar Block 13', '28.638_77.145', 'broken_cctv', 1, 'Cameras have been damaged', '/uploads/demo_report_92.jpg', 0, 0, DATE_SUB(NOW(), INTERVAL 23 HOUR)),
(3, 28.66035, 77.18269, 'Bahadurgarh Road Block 13', '28.66_77.183', 'drunk_crowd', 1, 'Rowdy crowd after 10PM', '/uploads/demo_report_93.jpg', 1, 1, DATE_SUB(NOW(), INTERVAL 45 HOUR)),
(3, 28.66151, 77.20061, 'Bahadurgarh Road Sector 2', '28.662_77.201', 'drunk_crowd', 1, 'Rowdy crowd after 10PM', '/uploads/demo_report_94.jpg', 1, 1, DATE_SUB(NOW(), INTERVAL 26 HOUR)),
(2, 28.68391, 77.03205, 'Mundka Road', '28.684_77.032', 'suspicious_person', 2, 'Someone following people', '/uploads/demo_report_95.jpg', 0, 0, DATE_SUB(NOW(), INTERVAL 14 HOUR)),
(4, 28.68901, 77.06192, 'Nangloi Street', '28.689_77.062', 'eve_teasing', 2, 'Unsafe for women walking alone', '/uploads/demo_report_96.jpg', 1, 0, DATE_SUB(NOW(), INTERVAL 31 HOUR)),
(5, 28.66143, 77.32562, 'Anand Vihar Phase 5', '28.661_77.326', 'isolated_road', 3, 'Needs police patrolling', '/uploads/demo_report_97.jpg', 1, 0, DATE_SUB(NOW(), INTERVAL 20 HOUR)),
(4, 28.64391, 77.05334, 'Nilothi Lane', '28.644_77.053', 'broken_cctv', 3, 'Cameras have been damaged', '/uploads/demo_report_98.jpg', 0, 0, DATE_SUB(NOW(), INTERVAL 19 HOUR)),
(4, 28.64757, 77.22581, 'Turkman Gate Enclave', '28.648_77.226', 'isolated_road', 3, 'Needs police patrolling', '/uploads/demo_report_99.jpg', 1, 0, DATE_SUB(NOW(), INTERVAL 41 HOUR)),
(1, 28.50963, 77.17652, 'Mehrauli Block', '28.51_77.177', 'general_unsafe', 3, 'Doesn\'t feel safe walking here', '/uploads/demo_report_100.jpg', 1, 1, DATE_SUB(NOW(), INTERVAL 39 HOUR));

INSERT INTO reports (user_id, lat, lng, street_name, street_id, incident_type, severity, description, photo_url, anonymous, resolved, reported_at) VALUES
(5, 28.75907, 77.18083, 'Burari Block 3', '28.759_77.181', 'theft_robbery', 3, 'Purse stolen near the market', '/uploads/demo_report_101.jpg', 0, 0, DATE_SUB(NOW(), INTERVAL 9 HOUR)),
(4, 28.73379, 77.09605, 'Rohini Sector Market', '28.734_77.096', 'theft_robbery', 4, 'Phone snatched here yesterday', '/uploads/demo_report_102.jpg', 1, 0, DATE_SUB(NOW(), INTERVAL 21 HOUR)),
(3, 28.75856, 77.20525, 'Burari Phase 9', '28.759_77.205', 'isolated_road', 2, 'No one around after dark', '/uploads/demo_report_103.jpg', 0, 0, DATE_SUB(NOW(), INTERVAL 22 HOUR)),
(4, 28.65477, 77.19233, 'Bahadurgarh Road Phase 7', '28.655_77.192', 'isolated_road', 3, 'Very lonely stretch', '/uploads/demo_report_104.jpg', 0, 0, DATE_SUB(NOW(), INTERVAL 20 HOUR)),
(4, 28.66583, 77.27397, 'Gandhi Nagar Extension', '28.666_77.274', 'suspicious_person', 1, 'Suspicious vehicle parked', '/uploads/demo_report_105.jpg', 1, 1, DATE_SUB(NOW(), INTERVAL 29 HOUR)),
(5, 28.65463, 77.04897, 'Nilothi Phase 14', '28.655_77.049', 'isolated_road', 2, 'No one around after dark', '/uploads/demo_report_106.jpg', 0, 0, DATE_SUB(NOW(), INTERVAL 46 HOUR)),
(4, 28.64757, 77.22581, 'Turkman Gate Enclave', '28.648_77.226', 'drunk_crowd', 1, 'People drinking in cars', '/uploads/demo_report_107.jpg', 1, 1, DATE_SUB(NOW(), INTERVAL 37 HOUR)),
(2, 28.64561, 77.273, 'Gandhi Nagar Sector 5', '28.646_77.273', 'general_unsafe', 3, 'Avoid this route at night', '/uploads/demo_report_108.jpg', 1, 0, DATE_SUB(NOW(), INTERVAL 39 HOUR)),
(5, 28.74806, 77.26094, 'Karawal Nagar Phase 2', '28.748_77.261', 'drunk_crowd', 3, 'Drunk men outside the liquor shop', '/uploads/demo_report_109.jpg', 0, 0, DATE_SUB(NOW(), INTERVAL 13 HOUR)),
(3, 28.65921, 77.15105, 'Shadipur Sector 11', '28.659_77.151', 'eve_teasing', 3, 'Eve teasing at bus stop', '/uploads/demo_report_110.jpg', 0, 0, DATE_SUB(NOW(), INTERVAL 9 HOUR)),
(4, 28.66583, 77.27397, 'Gandhi Nagar Extension', '28.666_77.274', 'poor_lighting', 3, 'Street lights broken here', '/uploads/demo_report_111.jpg', 0, 1, DATE_SUB(NOW(), INTERVAL 38 HOUR)),
(5, 28.68901, 77.06192, 'Nangloi Street', '28.689_77.062', 'poor_lighting', 2, 'Street lights broken here', '/uploads/demo_report_112.jpg', 1, 0, DATE_SUB(NOW(), INTERVAL 9 HOUR)),
(1, 28.61507, 77.2767, 'Laxmi Nagar Phase 13', '28.615_77.277', 'poor_lighting', 3, 'Very dark after 9PM', '/uploads/demo_report_113.jpg', 0, 0, DATE_SUB(NOW(), INTERVAL 10 HOUR)),
(1, 28.68675, 77.21006, 'Kamla Nagar Block', '28.687_77.21', 'drunk_crowd', 3, 'Drunk men outside the liquor shop', '/uploads/demo_report_114.jpg', 1, 1, DATE_SUB(NOW(), INTERVAL 30 HOUR)),
(1, 28.56438, 77.22932, 'Defence Colony Enclave', '28.564_77.229', 'poor_lighting', 3, 'Very dark after 9PM', '/uploads/demo_report_115.jpg', 0, 0, DATE_SUB(NOW(), INTERVAL 27 HOUR)),
(4, 28.65065, 77.21739, 'Ballimaran Phase 8', '28.651_77.217', 'assault', 5, 'Someone was attacked here', '/uploads/demo_report_116.jpg', 1, 0, DATE_SUB(NOW(), INTERVAL 9 HOUR)),
(3, 28.55799, 77.15174, 'Vasant Vihar Block 14', '28.558_77.152', 'poor_lighting', 3, 'No lights at this intersection', '/uploads/demo_report_117.jpg', 0, 0, DATE_SUB(NOW(), INTERVAL 4 HOUR)),
(4, 28.67604, 77.2638, 'Welcome Colony Block 4', '28.676_77.264', 'eve_teasing', 1, 'Eve teasing at bus stop', '/uploads/demo_report_118.jpg', 1, 0, DATE_SUB(NOW(), INTERVAL 18 HOUR)),
(1, 28.67604, 77.2638, 'Welcome Colony Block 4', '28.676_77.264', 'drunk_crowd', 2, 'Rowdy crowd after 10PM', '/uploads/demo_report_119.jpg', 1, 1, DATE_SUB(NOW(), INTERVAL 42 HOUR)),
(3, 28.73055, 77.16085, 'Bhalaswa Street', '28.731_77.161', 'broken_cctv', 3, 'Cameras have been damaged', '/uploads/demo_report_120.jpg', 1, 0, DATE_SUB(NOW(), INTERVAL 24 HOUR)),
(5, 28.73055, 77.16085, 'Bhalaswa Street', '28.731_77.161', 'suspicious_person', 1, 'Group of guys staring at women', '/uploads/demo_report_121.jpg', 1, 0, DATE_SUB(NOW(), INTERVAL 44 HOUR)),
(3, 28.75856, 77.20525, 'Burari Phase 9', '28.759_77.205', 'drunk_crowd', 1, 'Drunk men outside the liquor shop', '/uploads/demo_report_122.jpg', 0, 0, DATE_SUB(NOW(), INTERVAL 26 HOUR)),
(3, 28.66276, 77.24273, 'Chawri Bazar Extension', '28.663_77.243', 'poor_lighting', 3, 'Street lights broken here', '/uploads/demo_report_123.jpg', 1, 0, DATE_SUB(NOW(), INTERVAL 15 HOUR)),
(5, 28.64648, 77.23608, 'Daryaganj Enclave', '28.646_77.236', 'assault', 5, 'Someone was attacked here', '/uploads/demo_report_124.jpg', 0, 1, DATE_SUB(NOW(), INTERVAL 46 HOUR)),
(1, 28.64562, 77.17733, 'Karol Bagh Street', '28.646_77.177', 'drunk_crowd', 1, 'People drinking in cars', '/uploads/demo_report_125.jpg', 1, 0, DATE_SUB(NOW(), INTERVAL 30 HOUR)),
(2, 28.6453, 77.31719, 'IP Extension Market', '28.645_77.317', 'theft_robbery', 3, 'Phone snatched here yesterday', '/uploads/demo_report_126.jpg', 1, 0, DATE_SUB(NOW(), INTERVAL 11 HOUR)),
(1, 28.64562, 77.23927, 'Daryaganj Avenue', '28.646_77.239', 'theft_robbery', 5, 'Phone snatched here yesterday', '/uploads/demo_report_127.jpg', 1, 0, DATE_SUB(NOW(), INTERVAL 7 HOUR)),
(4, 28.67148, 77.07064, 'Nangloi Sector 9', '28.671_77.071', 'general_unsafe', 3, 'Doesn\'t feel safe walking here', '/uploads/demo_report_128.jpg', 1, 1, DATE_SUB(NOW(), INTERVAL 32 HOUR)),
(2, 28.70327, 77.20959, 'Timarpur Phase 10', '28.703_77.21', 'isolated_road', 1, 'Needs police patrolling', '/uploads/demo_report_129.jpg', 1, 1, DATE_SUB(NOW(), INTERVAL 33 HOUR)),
(2, 28.61997, 77.20803, 'Parliament Street Sector 5', '28.62_77.208', 'general_unsafe', 2, 'Bad vibes in this lane', '/uploads/demo_report_130.jpg', 1, 1, DATE_SUB(NOW(), INTERVAL 29 HOUR)),
(1, 28.69123, 77.19455, 'Model Town Marg', '28.691_77.195', 'eve_teasing', 1, 'Boys passing comments', '/uploads/demo_report_131.jpg', 1, 1, DATE_SUB(NOW(), INTERVAL 33 HOUR)),
(3, 28.65477, 77.19233, 'Bahadurgarh Road Phase 7', '28.655_77.192', 'suspicious_person', 3, 'Group of guys staring at women', '/uploads/demo_report_132.jpg', 0, 0, DATE_SUB(NOW(), INTERVAL 46 HOUR)),
(4, 28.62171, 77.29075, 'Mandawali Phase 13', '28.622_77.291', 'broken_cctv', 1, 'CCTV is pointing downwards', '/uploads/demo_report_133.jpg', 0, 1, DATE_SUB(NOW(), INTERVAL 36 HOUR)),
(1, 28.61711, 77.03477, 'Nawada Sector 2', '28.617_77.035', 'suspicious_person', 3, 'Suspicious vehicle parked', '/uploads/demo_report_134.jpg', 0, 0, DATE_SUB(NOW(), INTERVAL 38 HOUR)),
(3, 28.662, 77.20944, 'Sadar Bazar Block 12', '28.662_77.209', 'broken_cctv', 3, 'Cameras have been damaged', '/uploads/demo_report_135.jpg', 1, 0, DATE_SUB(NOW(), INTERVAL 6 HOUR)),
(2, 28.62332, 77.30947, 'Patparganj Sector 12', '28.623_77.309', 'eve_teasing', 2, 'Unsafe for women walking alone', '/uploads/demo_report_136.jpg', 1, 1, DATE_SUB(NOW(), INTERVAL 34 HOUR)),
(5, 28.63267, 77.22167, 'Hauz Qazi Sector 10', '28.633_77.222', 'broken_cctv', 3, 'Cameras have been damaged', '/uploads/demo_report_137.jpg', 0, 0, DATE_SUB(NOW(), INTERVAL 6 HOUR)),
(1, 28.64709, 77.14824, 'Shadipur Phase 3', '28.647_77.148', 'isolated_road', 2, 'Needs police patrolling', '/uploads/demo_report_138.jpg', 1, 0, DATE_SUB(NOW(), INTERVAL 23 HOUR)),
(4, 28.67204, 77.20345, 'Roop Nagar Enclave', '28.672_77.203', 'suspicious_person', 1, 'Group of guys staring at women', '/uploads/demo_report_139.jpg', 0, 1, DATE_SUB(NOW(), INTERVAL 46 HOUR)),
(4, 28.65065, 77.21739, 'Ballimaran Phase 8', '28.651_77.217', 'harassment', 5, 'Harassment near the metro', '/uploads/demo_report_140.jpg', 1, 0, DATE_SUB(NOW(), INTERVAL 17 HOUR)),
(5, 28.65921, 77.15105, 'Shadipur Sector 11', '28.659_77.151', 'harassment', 5, 'Verbal abuse', '/uploads/demo_report_141.jpg', 1, 0, DATE_SUB(NOW(), INTERVAL 10 HOUR)),
(2, 28.68675, 77.21006, 'Kamla Nagar Block', '28.687_77.21', 'theft_robbery', 3, 'Purse stolen near the market', '/uploads/demo_report_142.jpg', 1, 1, DATE_SUB(NOW(), INTERVAL 34 HOUR)),
(3, 28.62716, 77.05186, 'Uttam Nagar Phase 14', '28.627_77.052', 'eve_teasing', 1, 'Boys passing comments', '/uploads/demo_report_143.jpg', 1, 0, DATE_SUB(NOW(), INTERVAL 21 HOUR)),
(4, 28.66276, 77.24273, 'Chawri Bazar Extension', '28.663_77.243', 'suspicious_person', 2, 'Group of guys staring at women', '/uploads/demo_report_144.jpg', 0, 1, DATE_SUB(NOW(), INTERVAL 40 HOUR)),
(5, 28.52286, 77.23237, 'Sheikh Sarai Lane', '28.523_77.232', 'general_unsafe', 2, 'Avoid this route at night', '/uploads/demo_report_145.jpg', 1, 0, DATE_SUB(NOW(), INTERVAL 14 HOUR)),
(1, 28.62334, 77.22595, 'Janpath Enclave', '28.623_77.226', 'suspicious_person', 3, 'Suspicious vehicle parked', '/uploads/demo_report_146.jpg', 0, 0, DATE_SUB(NOW(), INTERVAL 35 HOUR)),
(5, 28.75856, 77.20525, 'Burari Phase 9', '28.759_77.205', 'drunk_crowd', 3, 'Rowdy crowd after 10PM', '/uploads/demo_report_147.jpg', 1, 1, DATE_SUB(NOW(), INTERVAL 36 HOUR)),
(2, 28.70327, 77.20959, 'Timarpur Phase 10', '28.703_77.21', 'general_unsafe', 1, 'Avoid this route at night', '/uploads/demo_report_148.jpg', 0, 0, DATE_SUB(NOW(), INTERVAL 17 HOUR)),
(5, 28.65573, 77.21591, 'Nai Sarak Enclave', '28.656_77.216', 'isolated_road', 2, 'Needs police patrolling', '/uploads/demo_report_149.jpg', 0, 0, DATE_SUB(NOW(), INTERVAL 25 HOUR)),
(3, 28.50184, 77.14419, 'Mehrauli Gurgaon Road', '28.502_77.144', 'poor_lighting', 3, 'Very dark after 9PM', '/uploads/demo_report_150.jpg', 0, 0, DATE_SUB(NOW(), INTERVAL 10 HOUR));

INSERT INTO reports (user_id, lat, lng, street_name, street_id, incident_type, severity, description, photo_url, anonymous, resolved, reported_at) VALUES
(5, 28.68398, 77.08716, 'Mongolpuri Sector 3', '28.684_77.087', 'poor_lighting', 3, 'No lights at this intersection', '/uploads/demo_report_151.jpg', 0, 0, DATE_SUB(NOW(), INTERVAL 37 HOUR)),
(3, 28.63835, 77.25564, 'Geeta Colony Lane', '28.638_77.256', 'general_unsafe', 1, 'Bad vibes in this lane', '/uploads/demo_report_152.jpg', 1, 1, DATE_SUB(NOW(), INTERVAL 33 HOUR)),
(3, 28.65543, 77.23386, 'Nai Sarak Phase 6', '28.655_77.234', 'suspicious_person', 3, 'Group of guys staring at women', '/uploads/demo_report_153.jpg', 1, 0, DATE_SUB(NOW(), INTERVAL 19 HOUR)),
(4, 28.65573, 77.21591, 'Nai Sarak Enclave', '28.656_77.216', 'broken_cctv', 1, 'Cameras have been damaged', '/uploads/demo_report_154.jpg', 1, 0, DATE_SUB(NOW(), INTERVAL 27 HOUR)),
(1, 28.63754, 77.30664, 'Karkarduma Sector 14', '28.638_77.307', 'suspicious_person', 2, 'Suspicious vehicle parked', '/uploads/demo_report_155.jpg', 1, 1, DATE_SUB(NOW(), INTERVAL 36 HOUR)),
(3, 28.65477, 77.19233, 'Bahadurgarh Road Phase 7', '28.655_77.192', 'eve_teasing', 1, 'Boys passing comments', '/uploads/demo_report_156.jpg', 1, 0, DATE_SUB(NOW(), INTERVAL 47 HOUR)),
(4, 28.66276, 77.24273, 'Chawri Bazar Extension', '28.663_77.243', 'drunk_crowd', 1, 'People drinking in cars', '/uploads/demo_report_157.jpg', 0, 0, DATE_SUB(NOW(), INTERVAL 11 HOUR)),
(1, 28.66147, 77.24142, 'Chawri Bazar Phase 12', '28.661_77.241', 'poor_lighting', 1, 'Very dark after 9PM', '/uploads/demo_report_158.jpg', 0, 1, DATE_SUB(NOW(), INTERVAL 45 HOUR)),
(2, 28.67148, 77.07064, 'Nangloi Sector 9', '28.671_77.071', 'general_unsafe', 1, 'Doesn\'t feel safe walking here', '/uploads/demo_report_159.jpg', 1, 0, DATE_SUB(NOW(), INTERVAL 15 HOUR)),
(3, 28.70327, 77.20959, 'Timarpur Phase 10', '28.703_77.21', 'assault', 4, 'Someone was attacked here', '/uploads/demo_report_160.jpg', 1, 1, DATE_SUB(NOW(), INTERVAL 47 HOUR));

SELECT COUNT(*) as total_streets FROM street_safety_scores;
SELECT COUNT(*) as total_reports FROM reports;
SELECT AVG(score) as avg_safety_score FROM street_safety_scores;
SELECT street_name, score FROM street_safety_scores ORDER BY score ASC LIMIT 10;
